id,kingdom,phylum,class,order,family,genus,species,type
Zotu4163,d__Bacteria, p__Actinobacteriota, c__Thermoleophilia, o__Solirubrobacterales, f__Solirubrobacteraceae, g__Solirubrobacter, s__uncultured_bacterium,
Zotu2211,d__Bacteria, p__Proteobacteria, c__Alphaproteobacteria, o__Elsterales, f__uncultured, g__uncultured,,
Zotu3780,d__Archaea, p__Crenarchaeota, c__Nitrososphaeria, o__Nitrososphaerales, f__Nitrososphaeraceae, g__Nitrososphaeraceae,,
Zotu4552,d__Bacteria, p__Latescibacterota, c__Latescibacterota, o__Latescibacterota, f__Latescibacterota, g__Latescibacterota, s__uncultured_Fibrobacteres,
Zotu944,d__Bacteria, p__WPS-2, c__WPS-2, o__WPS-2, f__WPS-2, g__WPS-2, s__uncultured_bacterium,
Zotu1385,d__Bacteria, p__Planctomycetota, c__Planctomycetes, o__Isosphaerales, f__Isosphaeraceae, g__Aquisphaera,,
Zotu2471,d__Bacteria, p__Firmicutes, c__Limnochordia, o__Limnochordales, f__Limnochordaceae, g__Limnochordaceae, s__uncultured_bacterium,
Zotu4031,d__Bacteria, p__Planctomycetota, c__Planctomycetes, o__Gemmatales, f__Gemmataceae, g__uncultured, s__uncultured_bacterium,
Zotu2717,d__Bacteria, p__Planctomycetota, c__Planctomycetes, o__Gemmatales, f__Gemmataceae, g__uncultured,,
Zotu1133,d__Bacteria, p__Acidobacteriota, c__Thermoanaerobaculia, o__Thermoanaerobaculales, f__Thermoanaerobaculaceae, g__Subgroup_10,,
Zotu2691,d__Bacteria, p__Actinobacteriota, c__Thermoleophilia, o__Solirubrobacterales, f__Solirubrobacteraceae, g__Solirubrobacter, s__uncultured_bacterium,
Zotu1804,d__Bacteria, p__Myxococcota, c__Polyangia, o__Polyangiales, f__Sandaracinaceae, g__uncultured, s__metagenome,
Zotu1381,d__Bacteria, p__Chloroflexi, c__KD4-96, o__KD4-96, f__KD4-96, g__KD4-96, s__uncultured_bacterium,
Zotu3148,d__Archaea, p__Halobacterota, c__Halobacteria, o__Halobacterales, f__Haloferacaceae, g__Natronococcus,,
Zotu2335,d__Bacteria, p__Chloroflexi, c__Anaerolineae, o__Anaerolineales, f__Anaerolineaceae, g__Anaerolinea, s__uncultured_Anaerolineaceae,
Zotu2036,d__Bacteria, p__Actinobacteriota, c__Actinobacteria, o__Micrococcales, f__Microbacteriaceae, g__Leifsonia,,
Zotu79103,d__Bacteria, p__Acidobacteriota, c__Acidobacteriae, o__Acidobacteriales, f__uncultured, g__uncultured, s__uncultured_bacterium,
Zotu2396,d__Bacteria, p__Actinobacteriota, c__Thermoleophilia, o__Solirubrobacterales, f__Solirubrobacteraceae, g__Conexibacter,,
Zotu1572,d__Bacteria, p__Chloroflexi, c__Ktedonobacteria, o__Ktedonobacterales, f__Ktedonobacteraceae, g__1921-2, s__uncultured_bacterium,
Zotu2519,d__Bacteria, p__Latescibacterota, c__Latescibacterota, o__Latescibacterota, f__Latescibacterota, g__Latescibacterota, s__uncultured_bacterium,
Zotu1905,d__Bacteria, p__Myxococcota, c__Polyangia, o__mle1-27, f__mle1-27, g__mle1-27, s__uncultured_bacterium,
Zotu2204,d__Bacteria, p__Verrucomicrobiota, c__Verrucomicrobiae, o__Pedosphaerales, f__Pedosphaeraceae, g__ADurb.Bin063-1, s__uncultured_bacterium,
Zotu1564,d__Bacteria,,,,,,,
Zotu1764,d__Bacteria, p__Desulfobacterota, c__Desulfuromonadia, o__Geobacterales, f__Geobacteraceae,,,
Zotu1509,d__Bacteria, p__Acidobacteriota, c__Acidobacteriae, o__Bryobacterales, f__Bryobacteraceae, g__Bryobacter,,
Zotu1305,d__Bacteria, p__Planctomycetota, c__Planctomycetes, o__Gemmatales, f__Gemmataceae, g__uncultured, s__metagenome,
Zotu1516,d__Bacteria, p__Gemmatimonadota, c__PAUC43f_marine_benthic_group, o__PAUC43f_marine_benthic_group, f__PAUC43f_marine_benthic_group, g__PAUC43f_marine_benthic_group, s__uncultured_bacterium,
Zotu1242,d__Bacteria, p__Planctomycetota, c__Planctomycetes, o__Pirellulales, f__Pirellulaceae, g__uncultured,,
Zotu2159,d__Bacteria, p__Planctomycetota, c__Planctomycetes, o__Gemmatales, f__Gemmataceae, g__Gemmata,,
Zotu26396,d__Bacteria, p__Firmicutes, c__Limnochordia, o__Limnochordia, f__Limnochordia, g__Hydrogenispora,,
Zotu3072,d__Bacteria, p__Actinobacteriota, c__Acidimicrobiia,,,,,
Zotu2560,d__Bacteria, p__Planctomycetota, c__Planctomycetes, o__Isosphaerales, f__Isosphaeraceae, g__Singulisphaera,,
Zotu1590,d__Bacteria, p__Actinobacteriota, c__Actinobacteria, o__Pseudonocardiales, f__Pseudonocardiaceae, g__Crossiella, s__uncultured_bacterium,
Zotu2613,d__Bacteria, p__Proteobacteria, c__Alphaproteobacteria, o__Rhizobiales, f__Methyloligellaceae, g__uncultured,,
Zotu1498,d__Bacteria, p__Myxococcota, c__Polyangia, o__mle1-27, f__mle1-27, g__mle1-27,,
Zotu1361,d__Bacteria, p__Chloroflexi, c__Ktedonobacteria, o__Ktedonobacterales, f__Ktedonobacteraceae, g__1921-2, s__uncultured_bacterium,
Zotu1293,d__Bacteria, p__Gemmatimonadota, c__Gemmatimonadetes, o__Gemmatimonadales, f__Gemmatimonadaceae, g__uncultured, s__uncultured_bacterium,
Zotu1754,d__Bacteria, p__Chloroflexi, c__TK10, o__TK10, f__TK10, g__TK10,,
Zotu1802,d__Bacteria, p__Chloroflexi, c__Ktedonobacteria, o__Ktedonobacterales, f__JG30-KF-AS9, g__JG30-KF-AS9, s__uncultured_bacterium,
Zotu2629,d__Bacteria, p__Actinobacteriota, c__Actinobacteria, o__Micromonosporales, f__Micromonosporaceae, g__Actinoplanes,,
Zotu1458,d__Bacteria, p__Chloroflexi, c__Chloroflexia, o__Thermomicrobiales, f__JG30-KF-CM45, g__JG30-KF-CM45, s__metagenome,
Zotu1329,d__Bacteria, p__Planctomycetota, c__Planctomycetes, o__Gemmatales, f__Gemmataceae, g__uncultured, s__uncultured_bacterium,
Zotu717,d__Bacteria, p__Bacteroidota, c__Bacteroidia, o__Chitinophagales, f__Chitinophagaceae, g__Segetibacter,,
Zotu2199,d__Bacteria, p__Actinobacteriota, c__MB-A2-108, o__MB-A2-108, f__MB-A2-108, g__MB-A2-108, s__uncultured_bacterium,
Zotu3331,d__Bacteria, p__Planctomycetota, c__Planctomycetes, o__Gemmatales, f__Gemmataceae, g__Gemmata, s__uncultured_planctomycete,
Zotu76912,d__Bacteria, p__Verrucomicrobiota, c__Verrucomicrobiae, o__Verrucomicrobiales, f__Verrucomicrobiaceae, g__Roseimicrobium, s__uncultured_Verrucomicrobia,
Zotu5238,d__Bacteria, p__Proteobacteria, c__Gammaproteobacteria, o__Burkholderiales, f__Comamonadaceae, g__Hydrogenophaga,,
Zotu2034,d__Bacteria, p__Planctomycetota, c__Pla4_lineage, o__Pla4_lineage, f__Pla4_lineage, g__Pla4_lineage,,
Zotu2912,d__Bacteria, p__Myxococcota, c__Polyangia, o__Polyangiales, f__BIrii41, g__BIrii41, s__uncultured_delta,
Zotu2638,d__Bacteria, p__Proteobacteria, c__Alphaproteobacteria, o__Paracaedibacterales, f__Paracaedibacteraceae, g__Candidatus_Paracaedibacter, s__metagenome,
Zotu855,d__Bacteria, p__Planctomycetota, c__Planctomycetes, o__Gemmatales, f__Gemmataceae, g__uncultured, s__uncultured_bacterium,
Zotu1952,d__Bacteria, p__Actinobacteriota, c__Acidimicrobiia, o__uncultured, f__uncultured, g__uncultured, s__metagenome,
Zotu1988,d__Bacteria, p__Proteobacteria, c__Gammaproteobacteria, o__Cellvibrionales, f__Spongiibacteraceae, g__Spongiibacteraceae, s__uncultured_bacterium,
Zotu2876,d__Bacteria, p__Proteobacteria, c__Alphaproteobacteria, o__Sphingomonadales, f__Sphingomonadaceae, g__Ellin6055, s__uncultured_bacterium,
Zotu1751,d__Bacteria, p__Actinobacteriota, c__Acidimicrobiia, o__uncultured, f__uncultured, g__uncultured,,
Zotu1190,d__Bacteria, p__Proteobacteria, c__Alphaproteobacteria, o__Rhizobiales, f__Devosiaceae, g__Devosia,,
Zotu1298,d__Bacteria, p__Chloroflexi, c__Ktedonobacteria, o__Ktedonobacterales, f__JG30-KF-AS9, g__JG30-KF-AS9, s__uncultured_bacterium,
Zotu2685,d__Bacteria, p__Myxococcota, c__Polyangia, o__Polyangiales, f__Sandaracinaceae, g__uncultured, s__uncultured_marine,
Zotu1328,d__Bacteria, p__Verrucomicrobiota, c__Verrucomicrobiae, o__Chthoniobacterales, f__Chthoniobacteraceae, g__Chthoniobacter, s__uncultured_Spartobacteria,
Zotu2767,d__Bacteria, p__Actinobacteriota, c__Actinobacteria, o__Frankiales, f__Frankiaceae, g__Jatrophihabitans, s__uncultured_bacterium,
Zotu2194,d__Bacteria, p__Acidobacteriota, c__Blastocatellia, o__11-24, f__11-24, g__11-24, s__uncultured_Acidobacteriales,
Zotu3501,d__Bacteria, p__Armatimonadota, c__Chthonomonadetes, o__Chthonomonadales, f__Chthonomonadaceae, g__Chthonomonas, s__uncultured_bacterium,
Zotu763,d__Bacteria, p__Planctomycetota, c__Planctomycetes, o__Gemmatales, f__Gemmataceae, g__uncultured,,
Zotu3910,d__Bacteria, p__Proteobacteria, c__Gammaproteobacteria, o__Burkholderiales, f__Oxalobacteraceae, g__Massilia,,
Zotu1543,d__Bacteria, p__Acidobacteriota, c__Acidobacteriae, o__Subgroup_2, f__Subgroup_2, g__Subgroup_2, s__uncultured_bacterium,
Zotu1876,d__Bacteria, p__Proteobacteria, c__Gammaproteobacteria, o__Alteromonadales, f__Alteromonadaceae, g__Rheinheimera,,
Zotu2179,d__Bacteria, p__Verrucomicrobiota, c__Verrucomicrobiae, o__Opitutales, f__Opitutaceae, g__Alterococcus, s__uncultured_bacterium,
Zotu1203,d__Bacteria, p__Verrucomicrobiota, c__Verrucomicrobiae, o__Verrucomicrobiales, f__Verrucomicrobiaceae, g__Roseimicrobium, s__metagenome,
Zotu2649,d__Bacteria, p__Acidobacteriota, c__Vicinamibacteria, o__Vicinamibacterales, f__uncultured, g__uncultured, s__metagenome,
Zotu2224,d__Bacteria, p__Proteobacteria, c__Gammaproteobacteria, o__Gammaproteobacteria_Incertae_Sedis, f__Unknown_Family, g__Acidibacter, s__uncultured_gamma,
Zotu1686,d__Bacteria, p__Proteobacteria, c__Alphaproteobacteria, o__Rhizobiales, f__Beijerinckiaceae, g__1174-901-12,,
Zotu1844,d__Bacteria, p__Proteobacteria, c__Alphaproteobacteria, o__Rhizobiales, f__Amb-16S-1323, g__Amb-16S-1323, s__uncultured_bacterium,
Zotu2103,d__Bacteria, p__Proteobacteria, c__Gammaproteobacteria, o__Burkholderiales, f__Nitrosomonadaceae, g__MND1,,
Zotu4899,d__Bacteria, p__Planctomycetota, c__Planctomycetes, o__Gemmatales, f__Gemmataceae, g__Fimbriiglobus, s__uncultured_Gemmata,
Zotu2145,d__Bacteria, p__Actinobacteriota, c__Actinobacteria, o__0319-7L14, f__0319-7L14, g__0319-7L14, s__uncultured_bacterium,
Zotu1354,d__Bacteria, p__Firmicutes, c__Bacilli, o__Paenibacillales, f__Paenibacillaceae, g__Paenibacillus, s__unidentified_eubacterium,
Zotu2851,d__Bacteria, p__Myxococcota, c__Polyangia, o__Haliangiales, f__Haliangiaceae, g__Haliangium, s__metagenome,
Zotu1992,d__Bacteria, p__Armatimonadota, c__uncultured, o__uncultured, f__uncultured, g__uncultured,,
Zotu981,d__Bacteria, p__Bacteroidota, c__Bacteroidia, o__Cytophagales, f__Microscillaceae, g__Chryseolinea,,
Zotu3037,d__Bacteria, p__Planctomycetota, c__Phycisphaerae, o__Tepidisphaerales, f__WD2101_soil_group, g__WD2101_soil_group, s__uncultured_bacterium,
Zotu1597,d__Bacteria, p__Planctomycetota, c__Planctomycetes, o__Pirellulales, f__Pirellulaceae, g__uncultured, s__metagenome,
Zotu1542,d__Bacteria, p__Acidobacteriota, c__Blastocatellia, o__11-24, f__11-24, g__11-24, s__uncultured_bacterium,
Zotu1110,d__Bacteria, p__Proteobacteria, c__Gammaproteobacteria, o__Burkholderiales, f__Oxalobacteraceae, g__Massilia,,M
Zotu1722,d__Bacteria, p__Actinobacteriota, c__Actinobacteria, o__Streptosporangiales, f__Streptosporangiaceae, g__uncultured, s__uncultured_bacterium,
Zotu2257,d__Bacteria, p__Proteobacteria, c__Gammaproteobacteria, o__Burkholderiales, f__TRA3-20, g__TRA3-20, s__metagenome,
Zotu2681,d__Bacteria, p__Myxococcota, c__Polyangia, o__Polyangiales, f__Polyangiaceae, g__Pajaroellobacter,,
Zotu2991,d__Bacteria, p__Proteobacteria, c__Alphaproteobacteria, o__Caulobacterales, f__Hyphomonadaceae, g__SWB02, s__metagenome,
Zotu2982,d__Bacteria, p__Proteobacteria, c__Alphaproteobacteria, o__Rhizobiales, f__Xanthobacteraceae,,,
Zotu1292,d__Bacteria, p__Chloroflexi, c__KD4-96, o__KD4-96, f__KD4-96, g__KD4-96,,
Zotu1843,d__Bacteria, p__Myxococcota, c__Polyangia, o__Polyangiales, f__Sandaracinaceae, g__Sandaracinus,,
Zotu3267,d__Bacteria, p__Gemmatimonadota, c__Gemmatimonadetes, o__Gemmatimonadales, f__Gemmatimonadaceae, g__uncultured, s__uncultured_Pseudomonadales,
Zotu2577,d__Bacteria, p__Planctomycetota, c__Planctomycetes, o__Gemmatales, f__Gemmataceae, g__uncultured,,
Zotu1269,d__Bacteria, p__Bacteroidota, c__Rhodothermia, o__Balneolales, f__Balneolaceae, g__uncultured, s__uncultured_Bacteroidetes,
Zotu1834,d__Bacteria, p__Actinobacteriota, c__MB-A2-108, o__MB-A2-108, f__MB-A2-108, g__MB-A2-108, s__uncultured_bacterium,
Zotu1918,d__Bacteria, p__Chloroflexi, c__Anaerolineae, o__Anaerolineales, f__Anaerolineaceae, g__uncultured, s__uncultured_Bellilinea,
Zotu3834,d__Bacteria, p__Planctomycetota, c__Planctomycetes, o__Gemmatales, f__Gemmataceae, g__uncultured,,
Zotu642,d__Bacteria, p__Actinobacteriota, c__Actinobacteria, o__Nitriliruptorales, f__Nitriliruptoraceae, g__Nitriliruptoraceae, s__uncultured_bacterium,
Zotu3464,d__Bacteria, p__Planctomycetota, c__Planctomycetes, o__Pirellulales, f__Pirellulaceae, g__uncultured,,
Zotu1455,d__Bacteria, p__Chloroflexi, c__Chloroflexia, o__Thermomicrobiales, f__JG30-KF-CM45, g__JG30-KF-CM45, s__uncultured_bacterium,
Zotu1182,d__Bacteria, p__Proteobacteria, c__Alphaproteobacteria, o__Kiloniellales, f__Kiloniellaceae, g__Tistlia, s__uncultured_bacterium,M
Zotu1904,d__Bacteria, p__Verrucomicrobiota, c__Chlamydiae, o__Chlamydiales, f__Parachlamydiaceae, g__Candidatus_Protochlamydia, s__metagenome,
Zotu1256,d__Bacteria, p__Actinobacteriota, c__Thermoleophilia, o__Gaiellales, f__uncultured, g__uncultured, s__uncultured_bacterium,
Zotu2777,d__Bacteria, p__Entotheonellaeota, c__Entotheonellia, o__Entotheonellales, f__Entotheonellaceae, g__Candidatus_Entotheonella, s__uncultured_bacterium,
Zotu1200,d__Archaea, p__Crenarchaeota, c__Nitrososphaeria, o__Nitrososphaerales, f__Nitrososphaeraceae, g__Nitrososphaeraceae,,
Zotu2221,d__Bacteria, p__Proteobacteria, c__Alphaproteobacteria, o__Sphingomonadales, f__Sphingomonadaceae,,,
Zotu1487,d__Bacteria, p__Planctomycetota, c__Planctomycetes, o__Gemmatales, f__Gemmataceae, g__Gemmata, s__metagenome,
Zotu3429,d__Bacteria, p__Planctomycetota, c__Phycisphaerae, o__Tepidisphaerales, f__WD2101_soil_group, g__WD2101_soil_group, s__uncultured_bacterium,
Zotu2229,d__Bacteria, p__Actinobacteriota, c__Thermoleophilia, o__Gaiellales, f__uncultured, g__uncultured,,
Zotu1306,d__Bacteria, p__Planctomycetota, c__Planctomycetes, o__Gemmatales, f__Gemmataceae, g__Fimbriiglobus,,
Zotu768,d__Bacteria, p__Planctomycetota, c__Phycisphaerae, o__Tepidisphaerales, f__CPla-3_termite_group, g__CPla-3_termite_group, s__metagenome,
Zotu990,d__Bacteria, p__Actinobacteriota, c__Thermoleophilia, o__Solirubrobacterales, f__67-14, g__67-14, s__uncultured_Rubrobacteria,
Zotu2003,d__Bacteria, p__Chloroflexi, c__Ktedonobacteria, o__Ktedonobacterales, f__Ktedonobacteraceae, g__1921-3, s__uncultured_Ktedonobacter,
Zotu778,d__Bacteria, p__Chloroflexi, c__KD4-96, o__KD4-96, f__KD4-96, g__KD4-96, s__uncultured_bacterium,
Zotu2631,d__Bacteria, p__Actinobacteriota, c__Thermoleophilia, o__Solirubrobacterales, f__67-14, g__67-14, s__uncultured_bacterium,
Zotu5101,d__Bacteria, p__Proteobacteria, c__Alphaproteobacteria, o__Rhizobiales, f__Beijerinckiaceae,,,
Zotu1801,d__Bacteria, p__Acidobacteriota, c__Vicinamibacteria, o__Vicinamibacterales, f__uncultured, g__uncultured,,
Zotu5749,d__Bacteria, p__Bacteroidota, c__Bacteroidia, o__Chitinophagales, f__Saprospiraceae, g__uncultured, s__uncultured_Sphingobacteriia,
Zotu1490,d__Bacteria, p__Actinobacteriota, c__Rubrobacteria, o__Rubrobacterales, f__Rubrobacteriaceae, g__Rubrobacter,,
Zotu1307,d__Bacteria, p__Bacteroidota, c__Bacteroidia, o__Chitinophagales, f__Chitinophagaceae, g__Chitinophaga,,
Zotu3880,d__Bacteria, p__Actinobacteriota, c__Rubrobacteria, o__Rubrobacterales, f__Rubrobacteriaceae, g__Rubrobacter,,
Zotu1175,d__Bacteria, p__Actinobacteriota, c__Thermoleophilia, o__Gaiellales, f__uncultured, g__uncultured,,
Zotu829,d__Bacteria, p__Bacteroidota, c__Bacteroidia, o__Sphingobacteriales, f__Lentimicrobiaceae, g__Lentimicrobium, s__uncultured_bacterium,
Zotu1135,d__Bacteria, p__Actinobacteriota, c__Thermoleophilia, o__Gaiellales, f__uncultured, g__uncultured,,
Zotu2173,d__Bacteria, p__Acidobacteriota, c__Blastocatellia, o__Pyrinomonadales, f__Pyrinomonadaceae, g__RB41,,
Zotu1761,d__Bacteria, p__Acidobacteriota, c__Acidobacteriae, o__Acidobacteriales, f__uncultured, g__uncultured,,
Zotu1097,d__Bacteria, p__Actinobacteriota, c__Acidimicrobiia, o__Microtrichales,,,,
Zotu783,d__Bacteria, p__Planctomycetota, c__Planctomycetes, o__Gemmatales, f__Gemmataceae, g__uncultured, s__uncultured_bacterium,
Zotu1141,d__Bacteria, p__Chloroflexi, c__Ktedonobacteria, o__Ktedonobacterales, f__Ktedonobacteraceae, g__Ktedonobacter,,
Zotu2452,d__Bacteria, p__Myxococcota, c__Myxococcia, o__Myxococcales, f__Myxococcaceae,,,
Zotu1893,d__Bacteria, p__Planctomycetota, c__Planctomycetes, o__Pirellulales, f__Pirellulaceae,,,
Zotu931,d__Bacteria, p__Acidobacteriota, c__Vicinamibacteria, o__Vicinamibacterales, f__Vicinamibacteraceae, g__Vicinamibacteraceae,,
Zotu919,d__Bacteria, p__Chloroflexi, c__Ktedonobacteria, o__Ktedonobacterales, f__Ktedonobacteraceae, g__1921-2, s__uncultured_bacterium,
Zotu1283,d__Bacteria, p__Bacteroidota, c__Bacteroidia, o__Cytophagales, f__Microscillaceae, g__OLB12, s__uncultured_bacterium,
Zotu1895,d__Bacteria, p__Proteobacteria, c__Alphaproteobacteria, o__Sphingomonadales, f__Sphingomonadaceae, g__Sphingoaurantiacus,,
Zotu2038,d__Archaea, p__Crenarchaeota, c__Nitrososphaeria, o__Nitrosotaleales, f__Nitrosotaleaceae, g__Nitrosotaleaceae, s__uncultured_thaumarchaeote,
Zotu1718,d__Bacteria, p__Actinobacteriota, c__Actinobacteria, o__Streptomycetales, f__Streptomycetaceae, g__Streptomyces,,
Zotu2721,d__Bacteria, p__Verrucomicrobiota, c__Verrucomicrobiae, o__Pedosphaerales, f__Pedosphaeraceae,,,
Zotu1068,d__Bacteria, p__Chloroflexi, c__AD3, o__AD3, f__AD3, g__AD3, s__uncultured_bacterium,
Zotu729,d__Bacteria, p__Chloroflexi, c__Chloroflexia, o__Chloroflexales, f__Chloroflexaceae, g__FFCH7168, s__uncultured_bacterium,
Zotu2466,d__Bacteria, p__Chloroflexi, c__Ktedonobacteria, o__Ktedonobacterales, f__Ktedonobacteraceae, g__FCPS473, s__uncultured_Ktedonobacter,
Zotu2967,d__Bacteria, p__Planctomycetota, c__Planctomycetes, o__Gemmatales, f__Gemmataceae, g__uncultured,,
Zotu1473,d__Bacteria, p__Chloroflexi, c__Chloroflexia, o__Chloroflexales, f__Roseiflexaceae, g__uncultured,,
Zotu1676,d__Bacteria, p__Proteobacteria, c__Alphaproteobacteria,,,,,
Zotu902,d__Bacteria, p__Planctomycetota, c__Planctomycetes, o__Gemmatales, f__Gemmataceae, g__uncultured, s__uncultured_bacterium,
Zotu2240,d__Bacteria, p__Proteobacteria, c__Gammaproteobacteria, o__Burkholderiales, f__Burkholderiaceae, g__Burkholderia-Caballeronia-Paraburkholderia,,
Zotu2362,d__Bacteria, p__Planctomycetota, c__Planctomycetes, o__Gemmatales, f__Gemmataceae, g__uncultured,,
Zotu383,d__Bacteria, p__Acidobacteriota, c__Thermoanaerobaculia, o__Thermoanaerobaculales, f__Thermoanaerobaculaceae, g__Subgroup_10, s__uncultured_bacterium,
Zotu2228,d__Archaea, p__Halobacterota, c__Halobacteria, o__Halobacterales,,,,
Zotu1759,d__Bacteria, p__Myxococcota, c__Polyangia, o__Polyangiales, f__Polyangiaceae, g__Aetherobacter, s__uncultured_bacterium,
Zotu976,d__Bacteria, p__Proteobacteria, c__Alphaproteobacteria, o__Rhizobiales, f__Amb-16S-1323, g__Amb-16S-1323, s__uncultured_bacterium,
Zotu1611,d__Bacteria, p__Proteobacteria, c__Gammaproteobacteria, o__Steroidobacterales, f__Steroidobacteraceae, g__uncultured,,
Zotu964,d__Bacteria, p__Myxococcota, c__Polyangia, o__Haliangiales, f__Haliangiaceae, g__Haliangium,,
Zotu73497,d__Bacteria, p__Patescibacteria, c__Parcubacteria, o__Parcubacteria, f__Parcubacteria, g__Parcubacteria, s__uncultured_bacterium,
Zotu2095,d__Bacteria, p__Planctomycetota, c__Planctomycetes, o__Gemmatales, f__Gemmataceae, g__uncultured, s__uncultured_bacterium,
Zotu1140,d__Bacteria, p__Actinobacteriota, c__Rubrobacteria, o__Rubrobacterales, f__Rubrobacteriaceae, g__Rubrobacter,,
Zotu980,d__Bacteria, p__Firmicutes, c__Clostridia, o__Clostridiales, f__Clostridiaceae, g__Clostridium_sensu_stricto_13,,
Zotu2464,d__Bacteria, p__Verrucomicrobiota, c__Verrucomicrobiae, o__Chthoniobacterales, f__Chthoniobacteraceae, g__Candidatus_Udaeobacter, s__Verrucomicrobia_bacterium,
Zotu1715,d__Bacteria, p__Chloroflexi, c__Chloroflexia, o__Thermomicrobiales, f__AKYG1722, g__AKYG1722, s__uncultured_bacterium,
Zotu1887,d__Bacteria, p__Myxococcota, c__Polyangia, o__Polyangiales, f__BIrii41, g__BIrii41,,
Zotu1258,d__Bacteria, p__Planctomycetota, c__Phycisphaerae, o__Tepidisphaerales, f__WD2101_soil_group, g__WD2101_soil_group,,
Zotu1225,d__Bacteria, p__Myxococcota, c__Polyangia, o__Haliangiales, f__Haliangiaceae, g__Haliangium, s__metagenome,
Zotu895,d__Bacteria, p__Bacteroidota, c__Kryptonia, o__Kryptoniales, f__BSV26, g__BSV26, s__denitrifying_bacterium,
Zotu1092,d__Bacteria, p__Acidobacteriota, c__Blastocatellia, o__Blastocatellales, f__Blastocatellaceae, g__Stenotrophobacter, s__uncultured_Acidobacteria,
Zotu6617,d__Bacteria, p__Proteobacteria, c__Alphaproteobacteria, o__Rhizobiales, f__uncultured, g__uncultured, s__uncultured_Alphaproteobacteria,
Zotu1164,d__Bacteria, p__Actinobacteriota, c__Actinobacteria, o__Streptosporangiales, f__Thermomonosporaceae, g__Actinocorallia,,
Zotu1294,d__Bacteria, p__Bacteroidota, c__Bacteroidia, o__Cytophagales, f__Microscillaceae, g__Chryseolinea, s__uncultured_bacterium,
Zotu2071,d__Bacteria, p__Actinobacteriota, c__Thermoleophilia, o__Gaiellales, f__uncultured, g__uncultured,,
Zotu1194,d__Bacteria, p__Actinobacteriota, c__Actinobacteria, o__0319-7L14, f__0319-7L14, g__0319-7L14, s__uncultured_Actinomycetales,
Zotu2164,d__Bacteria, p__Chloroflexi, c__Anaerolineae, o__Caldilineales, f__Caldilineaceae, g__uncultured, s__uncultured_bacterium,
Zotu2281,d__Bacteria, p__Planctomycetota, c__Planctomycetes, o__Gemmatales, f__Gemmataceae, g__uncultured, s__uncultured_planctomycete,
Zotu1239,d__Bacteria, p__Chloroflexi, c__Chloroflexia, o__Chloroflexales, f__Roseiflexaceae, g__uncultured, s__uncultured_soil,
Zotu861,d__Bacteria, p__Planctomycetota, c__Planctomycetes, o__Gemmatales, f__Gemmataceae, g__uncultured, s__uncultured_bacterium,
Zotu1939,d__Bacteria, p__Verrucomicrobiota, c__Verrucomicrobiae, o__Chthoniobacterales, f__Chthoniobacteraceae, g__Chthoniobacter,,
Zotu2109,d__Bacteria, p__Planctomycetota, c__Planctomycetes, o__Gemmatales, f__Gemmataceae, g__uncultured,,
Zotu2515,d__Bacteria, p__Planctomycetota, c__Planctomycetes, o__Gemmatales, f__Gemmataceae, g__uncultured, s__uncultured_bacterium,
Zotu1898,d__Bacteria, p__Proteobacteria, c__Alphaproteobacteria, o__Rhizobiales, f__Rhizobiaceae, g__Allorhizobium-Neorhizobium-Pararhizobium-Rhizobium,,
Zotu529,d__Bacteria, p__Proteobacteria, c__Alphaproteobacteria, o__Acetobacterales, f__Acetobacteraceae,,,
Zotu2067,d__Bacteria, p__Chloroflexi, c__Ktedonobacteria, o__Ktedonobacterales, f__Ktedonobacteraceae, g__G12-WMSP1, s__uncultured_Chloroflexi,
Zotu827,d__Bacteria, p__Bacteroidota, c__Bacteroidia, o__Sphingobacteriales, f__NS11-12_marine_group, g__NS11-12_marine_group, s__metagenome,
Zotu1796,d__Bacteria, p__Myxococcota, c__Polyangia, o__Haliangiales, f__Haliangiaceae, g__Haliangium,,
Zotu1366,d__Bacteria, p__Actinobacteriota, c__Actinobacteria, o__0319-7L14, f__0319-7L14, g__0319-7L14, s__uncultured_Actinomycetales,
Zotu1284,d__Bacteria, p__Proteobacteria, c__Gammaproteobacteria, o__Burkholderiales, f__Methylophilaceae, g__Methylotenera,,
Zotu1756,d__Bacteria, p__Chloroflexi, c__Ktedonobacteria, o__Ktedonobacterales, f__JG30-KF-AS9, g__JG30-KF-AS9, s__uncultured_bacterium,
Zotu2070,d__Bacteria, p__Proteobacteria, c__Gammaproteobacteria, o__Burkholderiales, f__Nitrosomonadaceae, g__IS-44,,
Zotu1569,d__Bacteria, p__Armatimonadota, c__uncultured, o__uncultured, f__uncultured, g__uncultured, s__uncultured_bacterium,
Zotu1778,d__Bacteria, p__Planctomycetota, c__Phycisphaerae, o__Tepidisphaerales, f__WD2101_soil_group, g__WD2101_soil_group,,
Zotu1845,d__Bacteria, p__Verrucomicrobiota, c__Verrucomicrobiae, o__Pedosphaerales, f__Pedosphaeraceae, g__Ellin516, s__uncultured_bacterium,
Zotu1105,d__Bacteria, p__Planctomycetota, c__Pla4_lineage, o__Pla4_lineage, f__Pla4_lineage, g__Pla4_lineage, s__metagenome,
Zotu1008,d__Bacteria, p__Proteobacteria, c__Alphaproteobacteria, o__Sphingomonadales, f__Sphingomonadaceae, g__Sphingomonas,,
Zotu1873,d__Bacteria, p__Acidobacteriota, c__Vicinamibacteria, o__Vicinamibacterales, f__Vicinamibacteraceae, g__Vicinamibacteraceae,,
Zotu1393,d__Bacteria, p__Chloroflexi, c__Ktedonobacteria, o__Ktedonobacterales, f__Ktedonobacteraceae, g__HSB_OF53-F07, s__uncultured_bacterium,
Zotu1911,d__Bacteria, p__Actinobacteriota, c__Actinobacteria, o__Propionibacteriales, f__Nocardioidaceae, g__Aeromicrobium, s__Aeromicrobium_sp.,
Zotu1989,d__Bacteria, p__Actinobacteriota, c__Thermoleophilia, o__Solirubrobacterales, f__Solirubrobacteraceae,,,
Zotu716,d__Bacteria, p__Verrucomicrobiota, c__Verrucomicrobiae, o__Chthoniobacterales, f__Chthoniobacteraceae, g__Candidatus_Udaeobacter, s__uncultured_bacterium,
Zotu626,d__Bacteria, p__Actinobacteriota, c__Actinobacteria, o__Micromonosporales, f__Micromonosporaceae,,,
Zotu1302,d__Bacteria, p__Proteobacteria, c__Gammaproteobacteria, o__Burkholderiales, f__A21b, g__A21b,,M
Zotu88440,d__Bacteria, p__Acidobacteriota, c__Thermoanaerobaculia, o__Thermoanaerobaculales, f__Thermoanaerobaculaceae, g__Subgroup_10,,
Zotu2046,d__Bacteria, p__Myxococcota, c__Polyangia, o__Polyangiales, f__Polyangiaceae, g__Pajaroellobacter, s__uncultured_bacterium,
Zotu1662,d__Bacteria, p__Planctomycetota, c__Planctomycetes, o__Gemmatales, f__Gemmataceae, g__Gemmata, s__uncultured_endolithic,
Zotu925,d__Bacteria, p__Planctomycetota, c__Planctomycetes, o__Gemmatales, f__Gemmataceae, g__uncultured,,
Zotu2176,d__Bacteria, p__FCPU426, c__FCPU426, o__FCPU426, f__FCPU426, g__FCPU426, s__uncultured_bacterium,
Zotu49016,d__Bacteria, p__Planctomycetota, c__Planctomycetes, o__Isosphaerales, f__Isosphaeraceae, g__Aquisphaera, s__uncultured_planctomycete,
Zotu983,d__Archaea, p__Crenarchaeota, c__Bathyarchaeia, o__Bathyarchaeia, f__Bathyarchaeia, g__Bathyarchaeia, s__uncultured_methanogenic,
Zotu2161,d__Bacteria, p__WPS-2, c__WPS-2, o__WPS-2, f__WPS-2, g__WPS-2, s__uncultured_bacterium,
Zotu1699,d__Bacteria, p__Myxococcota, c__Polyangia, o__Haliangiales, f__Haliangiaceae, g__Haliangium, s__uncultured_bacterium,
Zotu1301,d__Bacteria, p__Firmicutes, c__Bacilli, o__Bacillales, f__Planococcaceae, g__Domibacillus,,
Zotu911,d__Bacteria, p__Actinobacteriota, c__Thermoleophilia, o__Solirubrobacterales,,,,
Zotu1029,d__Bacteria, p__Actinobacteriota, c__Actinobacteria, o__Micrococcales, f__Micrococcaceae, g__Sinomonas,,
Zotu1635,d__Bacteria, p__Chloroflexi, c__Anaerolineae, o__Anaerolineales, f__Anaerolineaceae, g__uncultured,,
Zotu945,d__Bacteria, p__Chloroflexi, c__AD3, o__AD3, f__AD3, g__AD3,,
Zotu1257,d__Bacteria, p__Myxococcota, c__Myxococcia, o__Myxococcales, f__Myxococcaceae, g__Cystobacter,,
Zotu850,d__Bacteria, p__Proteobacteria, c__Gammaproteobacteria, o__Oceanospirillales, f__Halomonadaceae, g__Halomonas,,
Zotu1170,d__Bacteria, p__Actinobacteriota, c__Thermoleophilia, o__Gaiellales, f__uncultured, g__uncultured,,
Zotu1603,d__Bacteria, p__Myxococcota, c__Polyangia, o__Polyangiales, f__Sandaracinaceae, g__uncultured, s__uncultured_Polyangiaceae,
Zotu1552,d__Bacteria, p__Proteobacteria, c__Alphaproteobacteria, o__Acetobacterales, f__Acetobacteraceae, g__Craurococcus-Caldovatus,,
Zotu1162,d__Bacteria, p__Firmicutes, c__Clostridia, o__Clostridiales, f__Caloramatoraceae, g__Fonticella, s__uncultured_bacterium,
Zotu1510,d__Bacteria, p__Acidobacteriota, c__Blastocatellia, o__Pyrinomonadales, f__Pyrinomonadaceae, g__RB41,,
Zotu1360,d__Bacteria, p__RCP2-54, c__RCP2-54, o__RCP2-54, f__RCP2-54, g__RCP2-54,,
Zotu1598,d__Bacteria, p__Proteobacteria, c__Gammaproteobacteria, o__Cellvibrionales, f__Cellvibrionaceae, g__Marinimicrobium,,
Zotu1858,d__Bacteria, p__GAL15, c__GAL15, o__GAL15, f__GAL15, g__GAL15, s__uncultured_bacterium,
Zotu1038,d__Bacteria, p__Armatimonadota, c__uncultured, o__uncultured, f__uncultured, g__uncultured, s__uncultured_Chloroflexi,
Zotu3022,d__Bacteria, p__Planctomycetota, c__Phycisphaerae, o__Tepidisphaerales, f__WD2101_soil_group, g__WD2101_soil_group,,
Zotu588,d__Bacteria, p__Proteobacteria, c__Alphaproteobacteria, o__Sneathiellales, f__Sneathiellaceae, g__uncultured, s__uncultured_bacterium,
Zotu1935,d__Bacteria, p__Proteobacteria, c__Gammaproteobacteria, o__Burkholderiales, f__Nitrosomonadaceae, g__MND1,,
Zotu1303,d__Bacteria, p__NB1-j, c__NB1-j, o__NB1-j, f__NB1-j, g__NB1-j, s__uncultured_bacterium,
Zotu1047,d__Bacteria, p__Gemmatimonadota, c__Gemmatimonadetes, o__Gemmatimonadales, f__Gemmatimonadaceae, g__Gemmatimonas, s__uncultured_bacterium,
Zotu1584,d__Bacteria, p__Desulfobacterota, c__uncultured, o__uncultured, f__uncultured, g__uncultured,,
Zotu619,d__Bacteria, p__Firmicutes, c__Bacilli, o__Lactobacillales, f__Carnobacteriaceae, g__Trichococcus,,
Zotu1065,d__Bacteria, p__Proteobacteria, c__Alphaproteobacteria, o__Rhizobiales, f__uncultured, g__uncultured,,
Zotu1370,d__Bacteria, p__Acidobacteriota, c__Holophagae, o__Subgroup_7, f__Subgroup_7, g__Subgroup_7, s__uncultured_proteobacterium,
Zotu1066,d__Bacteria, p__Proteobacteria, c__Alphaproteobacteria, o__Azospirillales, f__Azospirillaceae, g__Nitrospirillum,,
Zotu2430,d__Bacteria, p__Chloroflexi, c__KD4-96, o__KD4-96, f__KD4-96, g__KD4-96,,
Zotu708,d__Bacteria, p__Planctomycetota, c__Pla4_lineage, o__Pla4_lineage, f__Pla4_lineage, g__Pla4_lineage,,
Zotu586,d__Bacteria, p__Planctomycetota, c__Planctomycetes, o__Isosphaerales, f__Isosphaeraceae, g__uncultured,,
Zotu795,d__Bacteria, p__Chloroflexi, c__Ktedonobacteria, o__Ktedonobacterales, f__Ktedonobacteraceae,,,
Zotu1304,d__Bacteria, p__Proteobacteria, c__Alphaproteobacteria, o__Rhizobiales, f__Beijerinckiaceae, g__Microvirga,,
Zotu1197,d__Bacteria, p__Verrucomicrobiota, c__Verrucomicrobiae, o__Verrucomicrobiales, f__Verrucomicrobiaceae, g__uncultured, s__uncultured_soil,
Zotu60090,d__Bacteria, p__Proteobacteria, c__Alphaproteobacteria, o__Rhizobiales, f__Beijerinckiaceae, g__Microvirga, s__Microvirga_aerilata,
Zotu748,d__Bacteria, p__Planctomycetota, c__Planctomycetes, o__Gemmatales, f__Gemmataceae, g__uncultured, s__uncultured_planctomycete,
Zotu979,d__Bacteria, p__MBNT15, c__MBNT15, o__MBNT15, f__MBNT15, g__MBNT15,,
Zotu1419,d__Bacteria, p__Acidobacteriota, c__Blastocatellia, o__Blastocatellales, f__Blastocatellaceae, g__Blastocatella,,
Zotu820,d__Bacteria, p__Firmicutes, c__Bacilli, o__Bacillales, f__Planococcaceae, g__Psychrobacillus,,
Zotu1426,d__Bacteria, p__Proteobacteria, c__Gammaproteobacteria, o__Pseudomonadales, f__Moraxellaceae, g__Cavicella, s__uncultured_bacterium,
Zotu1151,d__Bacteria, p__Chloroflexi, c__TK10, o__TK10, f__TK10, g__TK10,,
Zotu2001,d__Bacteria, p__Acidobacteriota, c__Holophagae, o__Subgroup_7, f__Subgroup_7, g__Subgroup_7, s__uncultured_Acidobacteria,
Zotu1689,d__Bacteria, p__Actinobacteriota, c__Actinobacteria, o__Frankiales, f__Frankiaceae, g__Jatrophihabitans,,
Zotu506,d__Bacteria, p__Actinobacteriota, c__Acidimicrobiia,,,,,
Zotu781,d__Bacteria, p__Armatimonadota, c__Armatimonadia, o__Armatimonadales, f__Armatimonadales, g__Armatimonadales, s__uncultured_Armatimonadetes,
Zotu1566,d__Bacteria, p__Planctomycetota, c__Phycisphaerae, o__Phycisphaerales, f__Phycisphaeraceae, g__SM1A02,,
Zotu1757,d__Archaea, p__Crenarchaeota, c__Nitrososphaeria, o__Nitrosotaleales, f__Nitrosotaleaceae, g__Nitrosotaleaceae,,
Zotu966,d__Bacteria, p__Planctomycetota, c__Planctomycetes, o__Isosphaerales, f__Isosphaeraceae, g__uncultured,,
Zotu43288,d__Bacteria, p__Proteobacteria, c__Alphaproteobacteria, o__Rhodospirillales, f__uncultured, g__uncultured,,
Zotu1263,d__Archaea, p__Halobacterota, c__Halobacteria, o__Halobacterales, f__Halomicrobiaceae, g__Halomicrobium, s__uncultured_archaeon,
Zotu71095,d__Bacteria, p__Firmicutes, c__Bacilli, o__Paenibacillales, f__Paenibacillaceae, g__Paenibacillus,,
Zotu1147,d__Bacteria, p__Acidobacteriota, c__Subgroup_5, o__Subgroup_5, f__Subgroup_5, g__Subgroup_5, s__uncultured_bacterium,
Zotu720,d__Bacteria, p__Gemmatimonadota, c__Gemmatimonadetes, o__Gemmatimonadales, f__Gemmatimonadaceae, g__uncultured,,
Zotu1785,d__Bacteria, p__Chloroflexi, c__Ktedonobacteria, o__Ktedonobacterales, f__Ktedonobacteraceae, g__Ktedonobacter,,
Zotu1148,d__Bacteria, p__Chloroflexi, c__Chloroflexia, o__Chloroflexales, f__Chloroflexaceae, g__FFCH7168, s__uncultured_bacterium,
Zotu564,d__Bacteria, p__Verrucomicrobiota, c__Verrucomicrobiae, o__Pedosphaerales, f__Pedosphaeraceae, g__Pedosphaera, s__uncultured_bacterium,
Zotu1696,d__Bacteria, p__Actinobacteriota, c__Thermoleophilia, o__Solirubrobacterales, f__Solirubrobacteraceae, g__Solirubrobacter, s__uncultured_Solirubrobacter,
Zotu1357,d__Bacteria, p__Planctomycetota, c__Pla4_lineage, o__Pla4_lineage, f__Pla4_lineage, g__Pla4_lineage,,
Zotu5247,d__Bacteria, p__Armatimonadota, c__uncultured, o__uncultured, f__uncultured, g__uncultured, s__uncultured_bacterium,
Zotu1274,d__Bacteria, p__Actinobacteriota, c__Rubrobacteria, o__Rubrobacterales, f__Rubrobacteriaceae, g__Rubrobacter, s__uncultured_Actinomycetales,
Zotu794,d__Bacteria, p__Proteobacteria, c__Gammaproteobacteria, o__Alteromonadales, f__Psychromonadaceae, g__Psychromonas,,
Zotu1059,d__Bacteria, p__Gemmatimonadota, c__BD2-11_terrestrial_group, o__BD2-11_terrestrial_group, f__BD2-11_terrestrial_group, g__BD2-11_terrestrial_group, s__metagenome,
Zotu3273,d__Bacteria, p__Gemmatimonadota, c__Longimicrobia, o__Longimicrobiales, f__Longimicrobiaceae, g__Longimicrobiaceae, s__uncultured_bacterium,
Zotu1428,d__Bacteria, p__Planctomycetota, c__Planctomycetes, o__Gemmatales, f__Gemmataceae, g__uncultured,,
Zotu898,d__Bacteria, p__Planctomycetota, c__Planctomycetes, o__uncultured, f__uncultured, g__uncultured, s__uncultured_bacterium,
Zotu868,d__Bacteria, p__Chloroflexi, c__Chloroflexia, o__Kallotenuales, f__AKIW781, g__AKIW781, s__uncultured_bacterium,
Zotu558,d__Bacteria, p__Chloroflexi, c__TK10, o__TK10, f__TK10, g__TK10, s__uncultured_Chloroflexi,
Zotu1451,d__Bacteria, p__Proteobacteria, c__Alphaproteobacteria, o__Dongiales, f__Dongiaceae, g__Dongia,,
Zotu970,d__Bacteria, p__Verrucomicrobiota, c__Verrucomicrobiae, o__Chthoniobacterales, f__Chthoniobacteraceae, g__Candidatus_Udaeobacter,,
Zotu615,d__Bacteria, p__Myxococcota, c__Polyangia, o__Polyangiales, f__Polyangiaceae, g__Pajaroellobacter,,
Zotu917,d__Bacteria, p__Firmicutes, c__Bacilli, o__Bacillales, f__Bacillaceae, g__Bacillus,,
Zotu907,d__Bacteria, p__Planctomycetota, c__Planctomycetes, o__Gemmatales, f__Gemmataceae, g__uncultured, s__uncultured_bacterium,
Zotu930,d__Bacteria, p__Actinobacteriota, c__Actinobacteria, o__Pseudonocardiales, f__Pseudonocardiaceae, g__Pseudonocardia,,
Zotu5408,d__Bacteria, p__Armatimonadota, c__Chthonomonadetes, o__Chthonomonadales, f__Chthonomonadales, g__Chthonomonadales, s__uncultured_bacterium,
Zotu760,d__Bacteria, p__Acidobacteriota, c__Vicinamibacteria, o__Vicinamibacterales, f__uncultured, g__uncultured, s__uncultured_Acidobacteria,
Zotu718,d__Bacteria, p__Chloroflexi, c__Chloroflexia, o__Chloroflexales, f__Herpetosiphonaceae, g__Herpetosiphon, s__uncultured_bacterium,
Zotu848,d__Bacteria, p__Planctomycetota, c__Planctomycetes, o__Isosphaerales, f__Isosphaeraceae,,,
Zotu1070,d__Archaea, p__Crenarchaeota, c__Nitrososphaeria, o__Nitrososphaerales, f__Nitrososphaeraceae, g__Nitrososphaeraceae,,
Zotu1481,d__Bacteria, p__Actinobacteriota, c__Actinobacteria, o__Frankiales, f__Acidothermaceae, g__Acidothermus, s__uncultured_soil,
Zotu871,d__Bacteria, p__Planctomycetota, c__Planctomycetes, o__Gemmatales, f__Gemmataceae, g__uncultured,,
Zotu1134,d__Bacteria, p__Chloroflexi, c__Anaerolineae, o__Caldilineales, f__Caldilineaceae, g__uncultured, s__uncultured_bacterium,
Zotu1022,d__Bacteria, p__Proteobacteria, c__Gammaproteobacteria, o__Burkholderiales, f__Nitrosomonadaceae, g__MND1,,
Zotu989,d__Bacteria, p__Planctomycetota, c__BD7-11, o__BD7-11, f__BD7-11, g__BD7-11, s__uncultured_bacterium,
Zotu974,d__Bacteria, p__Myxococcota, c__Polyangia, o__Polyangiales, f__Polyangiaceae, g__Pajaroellobacter,,
Zotu616,d__Bacteria, p__Gemmatimonadota, c__BD2-11_terrestrial_group, o__BD2-11_terrestrial_group, f__BD2-11_terrestrial_group, g__BD2-11_terrestrial_group, s__uncultured_bacterium,
Zotu941,d__Bacteria, p__Proteobacteria, c__Alphaproteobacteria, o__Caulobacterales, f__Hyphomonadaceae, g__Hirschia,,
Zotu591,d__Bacteria, p__Proteobacteria, c__Alphaproteobacteria, o__Elsterales, f__uncultured, g__uncultured,,
Zotu784,d__Bacteria, p__Chloroflexi, c__Anaerolineae, o__Ardenticatenales, f__Ardenticatenaceae, g__uncultured,,
Zotu1223,d__Bacteria, p__Planctomycetota, c__Planctomycetes, o__Gemmatales, f__Gemmataceae, g__uncultured,,
Zotu695,d__Bacteria, p__Planctomycetota, c__Planctomycetes, o__Gemmatales, f__Gemmataceae, g__uncultured, s__uncultured_bacterium,
Zotu660,d__Bacteria, p__Proteobacteria, c__Gammaproteobacteria, o__Gammaproteobacteria_Incertae_Sedis, f__Unknown_Family, g__Acidibacter,,
Zotu856,d__Bacteria, p__Planctomycetota, c__Phycisphaerae, o__Tepidisphaerales, f__WD2101_soil_group, g__WD2101_soil_group, s__uncultured_bacterium,
Zotu66516,d__Bacteria, p__Chloroflexi, c__AD3, o__AD3, f__AD3, g__AD3,,
Zotu816,d__Archaea, p__Halobacterota, c__Halobacteria, o__Halobacterales,,,,
Zotu438,d__Bacteria, p__Acidobacteriota, c__Blastocatellia, o__11-24, f__11-24, g__11-24, s__uncultured_bacterium,
Zotu1095,d__Bacteria, p__Actinobacteriota, c__Actinobacteria, o__Frankiales, f__Frankiaceae, g__Jatrophihabitans, s__uncultured_bacterium,
Zotu1205,d__Bacteria, p__Planctomycetota, c__Planctomycetes, o__Pirellulales, f__Pirellulaceae, g__uncultured, s__uncultured_soil,
Zotu75979,d__Bacteria, p__Proteobacteria, c__Gammaproteobacteria, o__Gammaproteobacteria_Incertae_Sedis, f__Unknown_Family, g__Acidibacter, s__uncultured_gamma,
Zotu1191,d__Bacteria, p__Verrucomicrobiota, c__Verrucomicrobiae, o__Pedosphaerales, f__Pedosphaeraceae, g__uncultured,,
Zotu1532,d__Bacteria, p__Bacteroidota, c__Bacteroidia, o__Chitinophagales, f__Chitinophagaceae,,,
Zotu445,d__Bacteria,,,,,,,
Zotu940,d__Bacteria, p__Actinobacteriota, c__Actinobacteria, o__Frankiales, f__Geodermatophilaceae, g__Modestobacter,,
Zotu1410,d__Bacteria, p__Actinobacteriota, c__Thermoleophilia, o__Solirubrobacterales, f__67-14, g__67-14, s__metagenome,
Zotu1009,d__Bacteria, p__Nitrospirota, c__Nitrospiria, o__Nitrospirales, f__Nitrospiraceae, g__Nitrospira, s__uncultured_Nitrospira,
Zotu583,d__Bacteria, p__Proteobacteria, c__Gammaproteobacteria, o__PLTA13, f__PLTA13, g__PLTA13, s__metagenome,
Zotu692,d__Bacteria, p__Chloroflexi, c__Dehalococcoidia, o__S085, f__S085, g__S085, s__uncultured_bacterium,
Zotu724,d__Bacteria, p__Chloroflexi, c__Anaerolineae, o__RBG-13-54-9, f__RBG-13-54-9, g__RBG-13-54-9,,
Zotu559,d__Bacteria, p__Actinobacteriota, c__Thermoleophilia, o__Gaiellales, f__uncultured, g__uncultured, s__uncultured_bacterium,
Zotu877,d__Bacteria, p__Myxococcota, c__Polyangia, o__Nannocystales, f__Nannocystaceae, g__Nannocystis, s__Nannocystis_exedens,
Zotu1365,d__Bacteria, p__Proteobacteria, c__Alphaproteobacteria, o__Elsterales, f__uncultured, g__uncultured, s__uncultured_bacterium,
Zotu852,d__Bacteria, p__Armatimonadota, c__Armatimonadia, o__Armatimonadales, f__Armatimonadales, g__Armatimonadales, s__uncultured_bacterium,
Zotu785,d__Bacteria, p__Planctomycetota, c__Planctomycetes, o__Gemmatales, f__Gemmataceae, g__uncultured, s__uncultured_planctomycete,
Zotu412,d__Bacteria, p__Verrucomicrobiota, c__Verrucomicrobiae, o__Pedosphaerales, f__Pedosphaeraceae, g__ADurb.Bin063-1,,
Zotu647,d__Bacteria, p__Bacteroidota, c__Bacteroidia, o__Chitinophagales, f__Chitinophagaceae, g__Ferruginibacter,,
Zotu617,d__Bacteria, p__Planctomycetota, c__Phycisphaerae, o__Tepidisphaerales, f__WD2101_soil_group, g__WD2101_soil_group, s__uncultured_bacterium,
Zotu899,d__Bacteria, p__Planctomycetota, c__Planctomycetes, o__Pirellulales, f__Pirellulaceae, g__uncultured,,
Zotu1407,d__Bacteria, p__Actinobacteriota, c__Actinobacteria, o__Micrococcales, f__Sanguibacteraceae, g__Sanguibacter,,
Zotu969,d__Bacteria, p__Myxococcota, c__bacteriap25, o__bacteriap25, f__bacteriap25, g__bacteriap25, s__metagenome,
Zotu46213,d__Bacteria, p__Bdellovibrionota, c__Bdellovibrionia, o__Bdellovibrionales, f__Bdellovibrionaceae, g__Bdellovibrio, s__uncultured_bacterium,
Zotu552,d__Bacteria, p__Planctomycetota, c__Planctomycetes, o__Gemmatales, f__Gemmataceae, g__Zavarzinella,,
Zotu926,d__Bacteria, p__Chloroflexi, c__Ktedonobacteria, o__Ktedonobacterales, f__Ktedonobacteraceae, g__1921-3, s__uncultured_Caldilinea,
Zotu699,d__Bacteria, p__Acidobacteriota, c__Subgroup_5, o__Subgroup_5, f__Subgroup_5, g__Subgroup_5,,
Zotu684,d__Bacteria, p__Actinobacteriota, c__Actinobacteria, o__Nitriliruptorales, f__Nitriliruptoraceae, g__Nitriliruptoraceae, s__uncultured_bacterium,
Zotu721,d__Bacteria, p__Planctomycetota, c__Planctomycetes, o__Gemmatales, f__Gemmataceae, g__uncultured, s__uncultured_bacterium,
Zotu1012,d__Bacteria, p__Planctomycetota, c__Planctomycetes, o__Planctomycetales, f__uncultured, g__uncultured, s__uncultured_bacterium,
Zotu745,d__Bacteria, p__Actinobacteriota, c__Actinobacteria, o__Micromonosporales, f__Micromonosporaceae, g__Luedemannella, s__Luedemannella_helvata,
Zotu804,d__Bacteria, p__Actinobacteriota, c__Thermoleophilia, o__Solirubrobacterales, f__67-14, g__67-14, s__uncultured_actinobacterium,
Zotu3391,d__Bacteria, p__Chloroflexi, c__Ktedonobacteria, o__Ktedonobacterales, f__JG30-KF-AS9, g__JG30-KF-AS9, s__uncultured_soil,
Zotu623,d__Bacteria, p__Planctomycetota, c__Planctomycetes, o__Gemmatales, f__Gemmataceae, g__uncultured,,
Zotu646,d__Bacteria, p__Gemmatimonadota, c__Gemmatimonadetes, o__Gemmatimonadales, f__Gemmatimonadaceae, g__Roseisolibacter, s__uncultured_bacterium,
Zotu1118,d__Bacteria, p__Chloroflexi, c__Ktedonobacteria, o__Ktedonobacterales, f__JG30-KF-AS9, g__JG30-KF-AS9, s__uncultured_bacterium,
Zotu947,d__Bacteria, p__Myxococcota, c__Polyangia, o__Haliangiales, f__Haliangiaceae, g__Haliangium,,
Zotu1399,d__Bacteria, p__WPS-2, c__WPS-2, o__WPS-2, f__WPS-2, g__WPS-2, s__uncultured_Firmicutes,
Zotu461,d__Bacteria, p__Actinobacteriota, c__Thermoleophilia, o__Solirubrobacterales, f__Solirubrobacteraceae, g__Solirubrobacter, s__uncultured_bacterium,
Zotu1043,d__Bacteria, p__Verrucomicrobiota, c__Verrucomicrobiae, o__Opitutales, f__Opitutaceae, g__Opitutus,,
Zotu822,d__Bacteria, p__Planctomycetota, c__Planctomycetes, o__Gemmatales, f__Gemmataceae, g__uncultured, s__uncultured_bacterium,
Zotu858,d__Bacteria, p__Armatimonadota, c__Fimbriimonadia, o__Fimbriimonadales, f__Fimbriimonadaceae, g__Fimbriimonadaceae, s__uncultured_bacterium,
Zotu343,d__Bacteria, p__Proteobacteria, c__Alphaproteobacteria, o__Rhodobacterales, f__Rhodobacteraceae, g__Rhodobacter,,
Zotu1183,d__Bacteria, p__Myxococcota, c__Polyangia, o__Haliangiales, f__Haliangiaceae, g__Haliangium, s__uncultured_bacterium,
Zotu1167,d__Bacteria, p__Proteobacteria, c__Gammaproteobacteria, o__Burkholderiales, f__Comamonadaceae,,,
Zotu807,d__Bacteria, p__Acidobacteriota, c__Holophagae, o__Subgroup_7, f__Subgroup_7, g__Subgroup_7,,
Zotu376,d__Bacteria, p__Verrucomicrobiota, c__Chlamydiae, o__Chlamydiales, f__Parachlamydiaceae, g__uncultured, s__metagenome,
Zotu502,d__Bacteria, p__Actinobacteriota, c__Thermoleophilia, o__Solirubrobacterales, f__Solirubrobacteraceae, g__Conexibacter,,
Zotu859,d__Bacteria, p__Proteobacteria, c__Gammaproteobacteria, o__Gammaproteobacteria_Incertae_Sedis, f__Unknown_Family, g__Candidatus_Ovatusbacter, s__uncultured_bacterium,
Zotu743,d__Bacteria, p__Bacteroidota, c__Bacteroidia, o__Chitinophagales, f__Chitinophagaceae, g__Ferruginibacter, s__metagenome,
Zotu505,d__Bacteria, p__Proteobacteria, c__Alphaproteobacteria, o__Rhizobiales, f__Rhizobiales_Incertae_Sedis, g__Bauldia, s__metagenome,
Zotu1940,d__Bacteria, p__Acidobacteriota, c__Acidobacteriae, o__Acidobacteriales, f__uncultured, g__uncultured,,
Zotu733,d__Bacteria, p__Planctomycetota, c__Planctomycetes, o__Pirellulales, f__Pirellulaceae,,,
Zotu509,d__Bacteria, p__Verrucomicrobiota, c__Verrucomicrobiae, o__Pedosphaerales, f__Pedosphaeraceae, g__ADurb.Bin063-1, s__uncultured_bacterium,
Zotu612,d__Bacteria, p__Verrucomicrobiota, c__Chlamydiae, o__Chlamydiales, f__Waddliaceae, g__Waddlia, s__uncultured_bacterium,
Zotu714,d__Bacteria, p__Patescibacteria, c__Parcubacteria, o__Parcubacteria, f__Parcubacteria, g__Parcubacteria, s__uncultured_bacterium,
Zotu977,d__Bacteria, p__Desulfobacterota, c__uncultured, o__uncultured, f__uncultured, g__uncultured, s__uncultured_proteobacterium,
Zotu3817,d__Bacteria, p__Planctomycetota, c__Phycisphaerae, o__Tepidisphaerales, f__WD2101_soil_group, g__WD2101_soil_group, s__uncultured_bacterium,
Zotu613,d__Bacteria, p__Planctomycetota, c__Phycisphaerae, o__Tepidisphaerales, f__WD2101_soil_group, g__WD2101_soil_group, s__uncultured_bacterium,
Zotu593,d__Bacteria, p__Planctomycetota, c__Planctomycetes, o__Gemmatales, f__Gemmataceae, g__Gemmata,,
Zotu528,d__Archaea, p__Crenarchaeota, c__Nitrososphaeria, o__Nitrosotaleales, f__Nitrosotaleaceae, g__Nitrosotaleaceae, s__uncultured_thaumarchaeote,
Zotu599,d__Bacteria, p__Firmicutes, c__Clostridia, o__Clostridia, f__Hungateiclostridiaceae, g__uncultured,,
Zotu765,d__Bacteria, p__Firmicutes, c__Negativicutes, o__Veillonellales-Selenomonadales, f__Sporomusaceae, g__Sporomusa,,
Zotu508,d__Bacteria, p__Bacteroidota, c__Rhodothermia, o__Balneolales, f__Balneolaceae, g__uncultured, s__uncultured_Bacteroidetes,
Zotu857,d__Bacteria, p__Acidobacteriota, c__Aminicenantia, o__Aminicenantales, f__Aminicenantales, g__Aminicenantales, s__uncultured_soil,
Zotu18706,d__Bacteria, p__Chloroflexi, c__Ktedonobacteria, o__Ktedonobacterales, f__Ktedonobacteraceae,,,
Zotu866,d__Bacteria, p__Myxococcota, c__bacteriap25, o__bacteriap25, f__bacteriap25, g__bacteriap25, s__uncultured_Syntrophobacterales,
Zotu453,d__Bacteria, p__Actinobacteriota, c__Actinobacteria, o__Pseudonocardiales, f__Pseudonocardiaceae,,,
Zotu540,d__Bacteria, p__Chloroflexi, c__AD3, o__AD3, f__AD3, g__AD3, s__uncultured_bacterium,
Zotu715,d__Bacteria, p__Chloroflexi, c__Dehalococcoidia, o__SAR202_clade, f__SAR202_clade, g__SAR202_clade, s__uncultured_bacterium,
Zotu409,d__Bacteria, p__WPS-2, c__WPS-2, o__WPS-2, f__WPS-2, g__WPS-2, s__uncultured_bacterium,
Zotu878,d__Bacteria, p__Verrucomicrobiota, c__Chlamydiae, o__Chlamydiales, f__Parachlamydiaceae, g__Neochlamydia, s__metagenome,
Zotu607,d__Bacteria, p__Firmicutes, c__Clostridia, o__Lachnospirales, f__Lachnospiraceae, g__Herbinix, s__uncultured_prokaryote,
Zotu521,d__Bacteria, p__Gemmatimonadota, c__Gemmatimonadetes, o__Gemmatimonadales, f__Gemmatimonadaceae, g__uncultured, s__uncultured_Gemmatimonadetes,
Zotu590,d__Bacteria, p__Bacteroidota, c__Bacteroidia, o__Cytophagales, f__Spirosomaceae, g__Spirosoma,,
Zotu653,d__Bacteria, p__Planctomycetota, c__Planctomycetes, o__Gemmatales, f__Gemmataceae, g__uncultured, s__uncultured_bacterium,
Zotu425,d__Bacteria, p__Proteobacteria, c__Gammaproteobacteria, o__Burkholderiales, f__SC-I-84, g__SC-I-84,,
Zotu292,d__Bacteria, p__Actinobacteriota, c__Thermoleophilia, o__Solirubrobacterales, f__67-14, g__67-14,,
Zotu952,d__Bacteria, p__Fibrobacterota, c__Fibrobacteria, o__Fibrobacterales, f__Fibrobacteraceae, g__possible_genus_04, s__uncultured_bacterium,
Zotu622,d__Bacteria, p__Acidobacteriota, c__Vicinamibacteria, o__Vicinamibacterales, f__uncultured, g__uncultured,,
Zotu359,d__Bacteria, p__Planctomycetota, c__Planctomycetes, o__Gemmatales, f__Gemmataceae, g__uncultured, s__uncultured_planctomycete,
Zotu865,d__Bacteria, p__Methylomirabilota, c__Methylomirabilia, o__Rokubacteriales, f__Rokubacteriales, g__Rokubacteriales, s__uncultured_bacterium,
Zotu759,d__Bacteria, p__Acidobacteriota, c__Acidobacteriae, o__Solibacterales, f__Solibacteraceae, g__Candidatus_Solibacter,,
Zotu581,d__Bacteria, p__Bacteroidota, c__Bacteroidia, o__Chitinophagales, f__Chitinophagaceae, g__uncultured,,
Zotu537,d__Bacteria, p__Proteobacteria, c__Gammaproteobacteria, o__Burkholderiales, f__Methylophilaceae, g__Methylobacillus,,
Zotu751,d__Bacteria, p__Chloroflexi, c__Ktedonobacteria, o__Ktedonobacterales, f__Ktedonobacteraceae, g__1959-1,,
Zotu645,d__Bacteria, p__Planctomycetota, c__Planctomycetes, o__Gemmatales, f__Gemmataceae, g__uncultured,,
Zotu987,d__Bacteria, p__Acidobacteriota, c__Vicinamibacteria, o__Subgroup_17, f__Subgroup_17, g__Subgroup_17, s__uncultured_Acidobacteria,
Zotu793,d__Bacteria, p__Chloroflexi, c__Chloroflexia, o__Thermomicrobiales, f__JG30-KF-CM45, g__JG30-KF-CM45, s__uncultured_soil,
Zotu618,d__Bacteria, p__Chloroflexi, c__Dehalococcoidia, o__SAR202_clade, f__SAR202_clade, g__SAR202_clade, s__uncultured_Thermomicrobium,
Zotu547,d__Bacteria, p__Planctomycetota, c__Phycisphaerae, o__Tepidisphaerales, f__WD2101_soil_group, g__WD2101_soil_group, s__uncultured_bacterium,
Zotu318,d__Bacteria, p__Myxococcota, c__bacteriap25, o__bacteriap25, f__bacteriap25, g__bacteriap25, s__uncultured_bacterium,
Zotu551,d__Bacteria, p__Proteobacteria, c__Gammaproteobacteria, o__Steroidobacterales, f__Steroidobacteraceae, g__uncultured, s__metagenome,
Zotu676,d__Bacteria, p__Planctomycetota, c__Phycisphaerae, o__Phycisphaerales, f__Phycisphaeraceae, g__SM1A02, s__uncultured_bacterium,
Zotu828,d__Bacteria,,,,,,,M
Zotu560,d__Bacteria, p__Acidobacteriota, c__Vicinamibacteria, o__Vicinamibacterales, f__uncultured, g__uncultured, s__uncultured_bacterium,
Zotu498,d__Bacteria, p__Actinobacteriota, c__MB-A2-108, o__MB-A2-108, f__MB-A2-108, g__MB-A2-108, s__uncultured_soil,
Zotu986,d__Bacteria, p__Proteobacteria, c__Alphaproteobacteria, o__Sphingomonadales, f__Sphingomonadaceae, g__Sphingomonas,,
Zotu224,d__Bacteria, p__Acidobacteriota, c__Vicinamibacteria, o__Vicinamibacterales, f__Vicinamibacteraceae, g__Vicinamibacteraceae,,
Zotu650,d__Bacteria, p__Acidobacteriota, c__Blastocatellia, o__Pyrinomonadales, f__Pyrinomonadaceae, g__RB41,,
Zotu326,d__Bacteria, p__Chloroflexi, c__Anaerolineae, o__Anaerolineales, f__Anaerolineaceae, g__uncultured,,
Zotu173,d__Bacteria, p__Planctomycetota, c__Planctomycetes, o__Gemmatales, f__Gemmataceae, g__uncultured,,
Zotu339,d__Bacteria, p__Proteobacteria, c__Gammaproteobacteria, o__Burkholderiales, f__Comamonadaceae,,,
Zotu405,d__Bacteria, p__Bdellovibrionota, c__Bdellovibrionia, o__Bdellovibrionales, f__Bdellovibrionaceae, g__OM27_clade, s__uncultured_bacterium,
Zotu546,d__Bacteria, p__Chloroflexi, c__Ktedonobacteria, o__Ktedonobacterales, f__Ktedonobacteraceae,,,
Zotu846,d__Bacteria, p__Proteobacteria, c__Alphaproteobacteria, o__Rhodospirillales, f__Rhodospirillaceae, g__uncultured, s__uncultured_bacterium,
Zotu491,d__Bacteria, p__Planctomycetota, c__Pla3_lineage, o__Pla3_lineage, f__Pla3_lineage, g__Pla3_lineage,,
Zotu641,d__Bacteria, p__Acidobacteriota,,,,,,
Zotu998,d__Bacteria, p__Acidobacteriota, c__Vicinamibacteria, o__Vicinamibacterales, f__uncultured, g__uncultured, s__metagenome,
Zotu485,d__Bacteria, p__Planctomycetota, c__Planctomycetes, o__Gemmatales, f__Gemmataceae, g__uncultured,,
Zotu536,d__Bacteria, p__Chloroflexi, c__Anaerolineae, o__SBR1031, f__SBR1031, g__SBR1031, s__uncultured_Gemmatimonadetes,
Zotu377,d__Bacteria, p__Acidobacteriota, c__Subgroup_5, o__Subgroup_5, f__Subgroup_5, g__Subgroup_5, s__uncultured_bacterium,
Zotu512,d__Bacteria, p__Bacteroidota, c__Bacteroidia, o__Cytophagales, f__Microscillaceae, g__uncultured, s__uncultured_Ohtaekwangia,
Zotu525,d__Bacteria, p__Chloroflexi, c__Anaerolineae, o__Caldilineales, f__Caldilineaceae, g__uncultured, s__uncultured_bacterium,
Zotu429,d__Bacteria, p__Gemmatimonadota, c__Longimicrobia, o__Longimicrobiales, f__Longimicrobiaceae, g__Longimicrobiaceae, s__uncultured_bacterium,
Zotu569,d__Bacteria, p__Chloroflexi, c__Anaerolineae, o__RBG-13-54-9, f__RBG-13-54-9, g__RBG-13-54-9, s__uncultured_eubacterium,
Zotu325,d__Bacteria, p__Verrucomicrobiota, c__Verrucomicrobiae, o__Pedosphaerales, f__Pedosphaeraceae, g__ADurb.Bin063-1,,
Zotu388,d__Bacteria, p__Proteobacteria, c__Alphaproteobacteria, o__Acetobacterales, f__Acetobacteraceae, g__uncultured,,
Zotu187,d__Bacteria, p__Acidobacteriota, c__Vicinamibacteria, o__Vicinamibacterales, f__uncultured, g__uncultured,,
Zotu788,d__Bacteria, p__Proteobacteria, c__Gammaproteobacteria, o__WD260, f__WD260, g__WD260, s__uncultured_bacterium,
Zotu469,d__Bacteria, p__Firmicutes, c__Bacilli, o__Bacillales, f__Bacillaceae, g__Oceanobacillus, s__uncultured_bacterium,
Zotu518,d__Bacteria, p__Acidobacteriota, c__Blastocatellia, o__Pyrinomonadales, f__Pyrinomonadaceae, g__RB41,,
Zotu416,d__Bacteria, p__Actinobacteriota, c__Acidimicrobiia, o__uncultured, f__uncultured, g__uncultured, s__uncultured_Acidimicrobiia,
Zotu503,d__Bacteria, p__Chloroflexi, c__TK10, o__TK10, f__TK10, g__TK10, s__Chloroflexi_bacterium,
Zotu460,d__Bacteria, p__Actinobacteriota, c__Thermoleophilia, o__Gaiellales, f__uncultured, g__uncultured,,
Zotu571,d__Bacteria, p__Bacteroidota, c__Bacteroidia, o__Cytophagales, f__Cytophagaceae, g__Sporocytophaga,,
Zotu138,d__Bacteria, p__Planctomycetota, c__Planctomycetes, o__Gemmatales, f__Gemmataceae,,,
Zotu567,d__Bacteria, p__Acidobacteriota, c__Blastocatellia, o__Blastocatellales, f__Blastocatellaceae, g__JGI_0001001-H03,,
Zotu316,d__Bacteria, p__Planctomycetota, c__Planctomycetes, o__Gemmatales, f__Gemmataceae, g__uncultured, s__uncultured_bacterium,
Zotu179,d__Bacteria, p__Proteobacteria, c__Gammaproteobacteria, o__Burkholderiales, f__Methylophilaceae, g__Methylotenera,,
Zotu542,d__Bacteria, p__Planctomycetota, c__BD7-11, o__BD7-11, f__BD7-11, g__BD7-11, s__uncultured_Planctomycetaceae,
Zotu730,d__Bacteria, p__Actinobacteriota, c__Actinobacteria, o__Corynebacteriales, f__Mycobacteriaceae, g__Mycobacterium,,
Zotu499,d__Bacteria, p__Proteobacteria, c__Gammaproteobacteria, o__Xanthomonadales, f__Rhodanobacteraceae, g__Ahniella, s__uncultured_bacterium,
Zotu144,d__Bacteria, p__Chloroflexi, c__Anaerolineae, o__RBG-13-54-9, f__RBG-13-54-9, g__RBG-13-54-9, s__uncultured_sludge,
Zotu539,d__Bacteria, p__Actinobacteriota, c__Thermoleophilia, o__Solirubrobacterales, f__Solirubrobacteraceae, g__Conexibacter, s__uncultured_bacterium,
Zotu371,d__Archaea, p__Crenarchaeota, c__Nitrososphaeria, o__Nitrososphaerales, f__Nitrososphaeraceae, g__Candidatus_Nitrososphaera,,
Zotu381,d__Bacteria, p__Desulfobacterota, c__Desulfuromonadia, o__Bradymonadales, f__Bradymonadaceae, g__Bradymonadaceae, s__uncultured_gamma,
Zotu809,d__Bacteria, p__Planctomycetota, c__Planctomycetes, o__Gemmatales, f__Gemmataceae, g__uncultured,,
Zotu456,d__Bacteria, p__Verrucomicrobiota, c__Verrucomicrobiae, o__Pedosphaerales, f__Pedosphaeraceae, g__Pedosphaeraceae,,
Zotu286,d__Archaea, p__Halobacterota, c__Halobacteria, o__Halobacterales, f__Haloferacaceae, g__uncultured, s__uncultured_archaeon,
Zotu364,d__Bacteria, p__Myxococcota, c__Polyangia, o__Polyangiales, f__Polyangiaceae, g__Pajaroellobacter, s__uncultured_bacterium,
Zotu245,d__Bacteria, p__Acidobacteriota, c__Blastocatellia, o__11-24, f__11-24, g__11-24,,
Zotu303,d__Bacteria, p__Planctomycetota, c__Planctomycetes, o__Gemmatales, f__Gemmataceae, g__uncultured, s__uncultured_bacterium,
Zotu390,d__Archaea, p__Crenarchaeota, c__Nitrososphaeria, o__Nitrososphaerales, f__Nitrososphaeraceae, g__Nitrososphaeraceae,,
Zotu484,d__Bacteria, p__Myxococcota, c__Polyangia, o__Haliangiales, f__Haliangiaceae, g__Haliangium, s__uncultured_bacterium,
Zotu463,d__Bacteria, p__Planctomycetota, c__Planctomycetes, o__Gemmatales, f__Gemmataceae, g__uncultured, s__uncultured_bacterium,
Zotu346,d__Bacteria, p__Proteobacteria, c__Alphaproteobacteria, o__Sphingomonadales, f__Sphingomonadaceae, g__Sphingobium, s__metagenome,
Zotu235,d__Bacteria, p__Chloroflexi, c__Anaerolineae, o__Caldilineales, f__Caldilineaceae, g__uncultured, s__uncultured_bacterium,
Zotu644,d__Bacteria, p__Gemmatimonadota, c__Gemmatimonadetes, o__Gemmatimonadales, f__Gemmatimonadaceae,,,
Zotu526,d__Bacteria, p__Planctomycetota, c__Planctomycetes, o__Pirellulales, f__Pirellulaceae,,,
Zotu357,d__Bacteria, p__Cyanobacteria, c__Cyanobacteriia, o__Cyanobacteriales, f__Phormidiaceae, g__Trichocoleus_SAG_26.92, s__Coleofasciculus_chthonoplastes,
Zotu255,d__Bacteria, p__Chloroflexi, c__Ktedonobacteria, o__Ktedonobacterales, f__Ktedonobacteraceae, g__uncultured, s__uncultured_bacterium,
Zotu432,d__Bacteria, p__Dependentiae, c__Babeliae, o__Babeliales, f__Babeliales, g__Babeliales, s__uncultured_bacterium,
Zotu472,d__Bacteria, p__Proteobacteria, c__Alphaproteobacteria, o__uncultured, f__uncultured, g__uncultured, s__uncultured_bacterium,
Zotu500,d__Bacteria, p__Actinobacteriota, c__Thermoleophilia, o__Solirubrobacterales, f__Solirubrobacteraceae, g__Conexibacter, s__uncultured_bacterium,
Zotu312,d__Bacteria, p__Bacteroidota, c__Bacteroidia, o__Cytophagales, f__Cyclobacteriaceae, g__Cyclobacteriaceae, s__Rhodonellum_psychrophilum,
Zotu299,d__Bacteria, p__Acidobacteriota, c__Acidobacteriae, o__Acidobacteriales,,,,
Zotu589,d__Bacteria, p__Armatimonadota, c__uncultured, o__uncultured, f__uncultured, g__uncultured, s__uncultured_bacterium,
Zotu314,d__Bacteria, p__Chloroflexi, c__TK10, o__TK10, f__TK10, g__TK10, s__uncultured_bacterium,
Zotu462,d__Bacteria, p__Proteobacteria, c__Gammaproteobacteria,,,,,
Zotu1189,d__Bacteria, p__Acidobacteriota, c__Holophagae, o__Subgroup_7, f__Subgroup_7, g__Subgroup_7, s__uncultured_soil,
Zotu382,d__Bacteria, p__Bacteroidota, c__Bacteroidia, o__Cytophagales, f__Microscillaceae,,,
Zotu494,d__Bacteria, p__Planctomycetota, c__Planctomycetes, o__Gemmatales, f__Gemmataceae, g__uncultured, s__uncultured_bacterium,
Zotu259,d__Bacteria, p__Planctomycetota, c__Phycisphaerae, o__Tepidisphaerales, f__CPla-3_termite_group, g__CPla-3_termite_group, s__uncultured_bacterium,
Zotu322,d__Bacteria, p__Acidobacteriota, c__Blastocatellia, o__Blastocatellales, f__Blastocatellaceae, g__Blastocatella, s__uncultured_soil,
Zotu315,d__Bacteria, p__Firmicutes, c__Clostridia, o__Clostridia_vadinBB60_group, f__Clostridia_vadinBB60_group, g__Clostridia_vadinBB60_group, s__uncultured_bacterium,
Zotu630,d__Bacteria, p__Acidobacteriota, c__Vicinamibacteria, o__Vicinamibacterales, f__uncultured, g__uncultured, s__uncultured_Acidobacteria,
Zotu1495,d__Bacteria, p__Chloroflexi, c__Ktedonobacteria, o__Ktedonobacterales, f__Ktedonobacteraceae, g__HSB_OF53-F07, s__uncultured_bacterium,
Zotu335,d__Bacteria, p__Myxococcota, c__Polyangia, o__Haliangiales, f__Haliangiaceae, g__Haliangium, s__uncultured_Myxococcales,
Zotu443,d__Bacteria, p__Chloroflexi, c__TK10, o__TK10, f__TK10, g__TK10, s__uncultured_bacterium,
Zotu328,d__Bacteria, p__Actinobacteriota, c__Thermoleophilia, o__Solirubrobacterales, f__67-14, g__67-14, s__uncultured_bacterium,
Zotu447,d__Bacteria, p__Planctomycetota, c__Planctomycetes, o__Gemmatales, f__Gemmataceae, g__uncultured, s__metagenome,
Zotu440,d__Bacteria, p__Methylomirabilota, c__Methylomirabilia, o__Rokubacteriales, f__Rokubacteriales, g__Rokubacteriales, s__uncultured_bacterium,
Zotu358,d__Bacteria, p__Proteobacteria, c__Alphaproteobacteria, o__Rhizobiales, f__Beijerinckiaceae, g__alphaI_cluster, s__uncultured_bacterium,
Zotu206,d__Bacteria, p__Verrucomicrobiota, c__Verrucomicrobiae, o__Pedosphaerales, f__Pedosphaeraceae, g__Pedosphaeraceae,,
Zotu296,d__Bacteria, p__Acidobacteriota, c__Acidobacteriae, o__Bryobacterales, f__Bryobacteraceae, g__Bryobacter,,
Zotu351,d__Bacteria, p__Actinobacteriota, c__Thermoleophilia, o__Solirubrobacterales, f__67-14, g__67-14,,
Zotu238,d__Bacteria, p__Chloroflexi, c__Chloroflexia, o__Thermomicrobiales, f__JG30-KF-CM45, g__JG30-KF-CM45, s__uncultured_soil,
Zotu515,d__Bacteria, p__Chloroflexi, c__Anaerolineae, o__Caldilineales, f__Caldilineaceae, g__uncultured, s__uncultured_bacterium,
Zotu348,d__Bacteria, p__Actinobacteriota, c__Acidimicrobiia, o__IMCC26256, f__IMCC26256, g__IMCC26256,,
Zotu48,d__Bacteria, p__Myxococcota, c__Polyangia, o__Polyangiales, f__Sandaracinaceae, g__uncultured,,M
Zotu352,d__Bacteria, p__Myxococcota, c__Myxococcia, o__Myxococcales, f__Myxococcaceae, g__P3OB-42, s__uncultured_bacterium,
Zotu635,d__Bacteria, p__Actinobacteriota, c__MB-A2-108, o__MB-A2-108, f__MB-A2-108, g__MB-A2-108, s__uncultured_bacterium,
Zotu308,d__Bacteria, p__Acidobacteriota, c__Blastocatellia, o__Pyrinomonadales, f__Pyrinomonadaceae, g__RB41,,
Zotu267,d__Bacteria, p__FCPU426, c__FCPU426, o__FCPU426, f__FCPU426, g__FCPU426,,
Zotu394,d__Bacteria, p__Chloroflexi, c__AD3, o__AD3, f__AD3, g__AD3,,
Zotu260,d__Bacteria, p__Chloroflexi, c__KD4-96, o__KD4-96, f__KD4-96, g__KD4-96,,
Zotu370,d__Bacteria, p__Verrucomicrobiota, c__Verrucomicrobiae, o__Chthoniobacterales, f__Chthoniobacteraceae, g__Candidatus_Udaeobacter, s__uncultured_Prosthecobacter,
Zotu354,d__Bacteria, p__Proteobacteria, c__Gammaproteobacteria, o__Granulosicoccales, f__Granulosicoccales, g__Methylohalomonas, s__uncultured_bacterium,
Zotu411,d__Bacteria, p__Proteobacteria, c__Alphaproteobacteria, o__Sphingomonadales, f__Sphingomonadaceae, g__Sphingomonas,,
Zotu249,d__Bacteria, p__Planctomycetota, c__Planctomycetes, o__Pirellulales, f__Pirellulaceae, g__uncultured,,M
Zotu262,d__Archaea, p__Halobacterota, c__Halobacteria, o__Halobacterales, f__Haloferacaceae, g__Haloferacaceae, s__uncultured_haloarchaeon,
Zotu396,d__Bacteria, p__Planctomycetota, c__Planctomycetes, o__Gemmatales, f__Gemmataceae, g__uncultured, s__uncultured_bacterium,
Zotu481,d__Bacteria, p__Planctomycetota, c__Planctomycetes, o__Gemmatales, f__Gemmataceae, g__uncultured,,
Zotu454,d__Bacteria, p__Chloroflexi, c__Chloroflexia, o__Thermobaculales, f__Thermobaculaceae, g__Thermobaculum, s__uncultured_bacterium,
Zotu264,d__Bacteria, p__Bacteroidota, c__Bacteroidia, o__Chitinophagales, f__Saprospiraceae, g__uncultured,,
Zotu279,d__Bacteria, p__Planctomycetota, c__Planctomycetes, o__Gemmatales, f__Gemmataceae, g__Gemmata, s__Gemmata_sp.,
Zotu430,d__Bacteria, p__Actinobacteriota, c__Thermoleophilia, o__Solirubrobacterales, f__67-14, g__67-14, s__uncultured_Rubrobacteria,M
Zotu347,d__Bacteria, p__Armatimonadota, c__uncultured, o__uncultured, f__uncultured, g__uncultured, s__metagenome,
Zotu417,d__Bacteria, p__Myxococcota, c__Polyangia, o__Blfdi19, f__Blfdi19, g__Blfdi19, s__metagenome,
Zotu171,d__Bacteria, p__Acidobacteriota, c__Subgroup_25, o__Subgroup_25, f__Subgroup_25, g__Subgroup_25, s__uncultured_Acidobacteria,
Zotu543,d__Bacteria, p__Planctomycetota, c__Planctomycetes, o__Gemmatales, f__Gemmataceae, g__uncultured, s__uncultured_bacterium,
Zotu302,d__Bacteria, p__Chloroflexi, c__JG30-KF-CM66, o__JG30-KF-CM66, f__JG30-KF-CM66, g__JG30-KF-CM66, s__metagenome,
Zotu231,d__Bacteria, p__Chloroflexi, c__Chloroflexia, o__Thermomicrobiales, f__Thermomicrobiaceae, g__Nitrolancea, s__uncultured_Chloroflexi,
Zotu393,d__Bacteria, p__Acidobacteriota, c__Thermoanaerobaculia, o__Thermoanaerobaculales, f__Thermoanaerobaculaceae, g__Subgroup_10,,
Zotu332,d__Bacteria, p__Proteobacteria, c__Gammaproteobacteria, o__Pseudomonadales, f__Moraxellaceae, g__Cavicella, s__uncultured_bacterium,
Zotu415,d__Bacteria, p__Bacteroidota, c__Bacteroidia, o__Chitinophagales, f__Saprospiraceae, g__uncultured, s__uncultured_soil,
Zotu330,d__Bacteria, p__Actinobacteriota, c__Rubrobacteria, o__Rubrobacterales, f__Rubrobacteriaceae, g__Rubrobacter, s__metagenome,
Zotu297,d__Bacteria, p__Proteobacteria, c__Gammaproteobacteria, o__Xanthomonadales, f__uncultured, g__uncultured, s__uncultured_Xanthomonadaceae,
Zotu223,d__Bacteria, p__Planctomycetota, c__Planctomycetes, o__Gemmatales, f__Gemmataceae, g__uncultured,,
Zotu241,d__Bacteria, p__Bacteroidota, c__Bacteroidia, o__Chitinophagales, f__Chitinophagaceae, g__Ferruginibacter,,
Zotu349,d__Bacteria, p__Acidobacteriota, c__Thermoanaerobaculia, o__Thermoanaerobaculales, f__Thermoanaerobaculaceae, g__Subgroup_10, s__metagenome,
Zotu436,d__Bacteria, p__Planctomycetota, c__vadinHA49, o__vadinHA49, f__vadinHA49, g__vadinHA49, s__uncultured_Planctomycetales,
Zotu158,d__Bacteria, p__Planctomycetota, c__Planctomycetes, o__Gemmatales, f__Gemmataceae, g__uncultured,,
Zotu266,d__Bacteria, p__Planctomycetota, c__Planctomycetes, o__Gemmatales, f__Gemmataceae, g__uncultured,,
Zotu98,d__Bacteria, p__Chloroflexi, c__Chloroflexia, o__Thermomicrobiales, f__JG30-KF-CM45, g__JG30-KF-CM45, s__uncultured_bacterium,
Zotu806,d__Bacteria, p__Bacteroidota, c__Bacteroidia, o__Sphingobacteriales, f__NS11-12_marine_group, g__NS11-12_marine_group, s__metagenome,
Zotu273,d__Bacteria, p__Chloroflexi, c__TK10, o__TK10, f__TK10, g__TK10, s__uncultured_Chloroflexus,
Zotu244,d__Bacteria, p__Actinobacteriota, c__Acidimicrobiia, o__Microtrichales, f__Iamiaceae, g__Iamia,,
Zotu233,d__Bacteria, p__Actinobacteriota, c__Thermoleophilia, o__uncultured, f__uncultured, g__uncultured, s__uncultured_bacterium,
Zotu410,d__Bacteria, p__Chloroflexi, c__KD4-96, o__KD4-96, f__KD4-96, g__KD4-96,,
Zotu311,d__Bacteria, p__Actinobacteriota, c__Thermoleophilia, o__Solirubrobacterales, f__67-14, g__67-14, s__uncultured_bacterium,
Zotu252,d__Bacteria, p__Bacteroidota, c__Bacteroidia, o__Chitinophagales, f__Chitinophagaceae, g__uncultured,,
Zotu215,d__Bacteria, p__Myxococcota, c__Polyangia, o__Polyangiales, f__BIrii41, g__BIrii41, s__uncultured_bacterium,
Zotu178,d__Bacteria, p__Planctomycetota, c__Planctomycetes, o__Pirellulales, f__Pirellulaceae, g__uncultured, s__uncultured_bacterium,
Zotu143,d__Bacteria, p__Actinobacteriota, c__MB-A2-108, o__MB-A2-108, f__MB-A2-108, g__MB-A2-108, s__uncultured_bacterium,
Zotu278,d__Bacteria, p__Acidobacteriota, c__Subgroup_25, o__Subgroup_25, f__Subgroup_25, g__Subgroup_25,,
Zotu202,d__Bacteria, p__Planctomycetota, c__Planctomycetes, o__Gemmatales, f__Gemmataceae, g__Gemmata, s__Gemmata_sp.,
Zotu154,d__Bacteria, p__Planctomycetota, c__Planctomycetes, o__Gemmatales, f__Gemmataceae, g__Fimbriiglobus, s__uncultured_bacterium,
Zotu192,d__Bacteria, p__Firmicutes, c__Clostridia, o__Lachnospirales, f__Lachnospiraceae, g__uncultured, s__uncultured_compost,
Zotu289,d__Bacteria, p__Gemmatimonadota, c__Gemmatimonadetes, o__Gemmatimonadales, f__Gemmatimonadaceae, g__Roseisolibacter, s__uncultured_Gemmatimonadetes,M
Zotu444,d__Bacteria, p__Myxococcota, c__Polyangia, o__Haliangiales, f__Haliangiaceae, g__Haliangium, s__uncultured_bacterium,
Zotu271,d__Bacteria, p__Planctomycetota, c__Planctomycetes, o__Gemmatales, f__Gemmataceae, g__uncultured, s__uncultured_bacterium,
Zotu153,d__Bacteria, p__Planctomycetota, c__Planctomycetes, o__Pirellulales, f__Pirellulaceae, g__Pirellula, s__uncultured_bacterium,
Zotu175,d__Bacteria, p__Planctomycetota, c__Planctomycetes, o__Pirellulales, f__Pirellulaceae, g__uncultured,,
Zotu240,d__Bacteria, p__Actinobacteriota, c__Thermoleophilia, o__Solirubrobacterales, f__67-14, g__67-14, s__uncultured_Rubrobacteria,
Zotu276,d__Bacteria, p__Planctomycetota, c__OM190, o__OM190, f__OM190, g__OM190, s__uncultured_bacterium,
Zotu200,d__Bacteria, p__Proteobacteria, c__Gammaproteobacteria, o__Burkholderiales, f__Burkholderiaceae, g__Burkholderia-Caballeronia-Paraburkholderia,,
Zotu369,d__Bacteria, p__Myxococcota, c__Polyangia, o__Polyangiales, f__Polyangiaceae, g__Pajaroellobacter, s__uncultured_bacterium,
Zotu115,d__Bacteria, p__Chloroflexi, c__Ktedonobacteria, o__C0119, f__C0119, g__C0119, s__uncultured_bacterium,
Zotu237,d__Bacteria, p__Proteobacteria, c__Alphaproteobacteria, o__Sphingomonadales, f__Sphingomonadaceae, g__Sphingobium,,
Zotu265,d__Bacteria, p__Actinobacteriota, c__MB-A2-108, o__MB-A2-108, f__MB-A2-108, g__MB-A2-108, s__uncultured_bacterium,
Zotu218,d__Bacteria, p__Actinobacteriota, c__Thermoleophilia, o__Solirubrobacterales, f__67-14, g__67-14,,
Zotu251,d__Bacteria, p__Proteobacteria, c__Gammaproteobacteria, o__Diplorickettsiales, f__Diplorickettsiaceae, g__Aquicella,,
Zotu360,d__Bacteria, p__Gemmatimonadota, c__Gemmatimonadetes, o__Gemmatimonadales, f__Gemmatimonadaceae, g__uncultured, s__uncultured_Gemmatimonadales,
Zotu152,d__Bacteria, p__Actinobacteriota, c__Actinobacteria, o__Streptosporangiales, f__Thermomonosporaceae,,,
Zotu147,d__Bacteria, p__Actinobacteriota, c__Thermoleophilia, o__Solirubrobacterales, f__Solirubrobacteraceae,,,
Zotu185,d__Bacteria, p__Actinobacteriota, c__Actinobacteria, o__Streptosporangiales, f__Streptosporangiaceae, g__uncultured, s__uncultured_bacterium,
Zotu211,d__Bacteria, p__Actinobacteriota, c__Actinobacteria, o__Propionibacteriales, f__Nocardioidaceae, g__Marmoricola,,
Zotu229,d__Bacteria, p__Verrucomicrobiota, c__Verrucomicrobiae, o__Chthoniobacterales, f__Chthoniobacteraceae, g__Chthoniobacter, s__bacterium_Ellin506,M
Zotu210,d__Bacteria, p__Chloroflexi, c__Chloroflexia, o__Thermomicrobiales, f__JG30-KF-CM45, g__JG30-KF-CM45, s__uncultured_Chloroflexi,
Zotu85,d__Bacteria, p__Actinobacteriota, c__Acidimicrobiia, o__Microtrichales, f__uncultured, g__uncultured,,
Zotu148,d__Bacteria, p__Myxococcota, c__Polyangia, o__Polyangiales, f__Phaselicystidaceae, g__Phaselicystis, s__Phaselicystis_flava,
Zotu248,d__Bacteria, p__Acidobacteriota, c__Acidobacteriae, o__Acidobacteriales, f__Acidobacteriaceae_(Subgroup_1), g__uncultured,,
Zotu131,d__Bacteria, p__Myxococcota, c__Polyangia, o__Blfdi19, f__Blfdi19, g__Blfdi19, s__metagenome,
Zotu167,d__Bacteria, p__Planctomycetota, c__Planctomycetes, o__Gemmatales, f__Gemmataceae, g__uncultured, s__uncultured_bacterium,
Zotu170,d__Bacteria, p__Verrucomicrobiota, c__Verrucomicrobiae, o__Chthoniobacterales, f__Chthoniobacteraceae, g__Candidatus_Udaeobacter,,
Zotu287,d__Bacteria, p__Proteobacteria, c__Gammaproteobacteria, o__Burkholderiales, f__SC-I-84, g__SC-I-84, s__uncultured_bacterium,
Zotu285,d__Bacteria, p__Planctomycetota, c__Planctomycetes, o__Pirellulales, f__Pirellulaceae, g__uncultured,,
Zotu313,d__Bacteria, p__Bacteroidota, c__Bacteroidia, o__Chitinophagales, f__Chitinophagaceae, g__Flavisolibacter,,
Zotu161,d__Bacteria, p__Planctomycetota, c__Phycisphaerae, o__Tepidisphaerales, f__WD2101_soil_group, g__WD2101_soil_group, s__uncultured_bacterium,
Zotu130,d__Bacteria, p__Cyanobacteria, c__Cyanobacteriia, o__Chloroplast, f__Chloroplast, g__Chloroplast,,
Zotu169,d__Bacteria, p__Proteobacteria, c__Alphaproteobacteria, o__Rhizobiales, f__A0839, g__A0839, s__uncultured_bacterium,
Zotu181,d__Bacteria, p__Cyanobacteria, c__Cyanobacteriia, o__Cyanobacteriales, f__Nostocaceae, g__Nostoc_PCC-73102,,
Zotu132,d__Bacteria, p__Actinobacteriota, c__Thermoleophilia, o__Solirubrobacterales, f__Solirubrobacteraceae, g__Conexibacter, s__uncultured_Conexibacteraceae,
Zotu103,d__Bacteria, p__Proteobacteria, c__Alphaproteobacteria, o__Rhodobacterales, f__Rhodobacteraceae,,,
Zotu230,d__Archaea, p__Crenarchaeota, c__Nitrososphaeria, o__Nitrososphaerales, f__Nitrososphaeraceae, g__Nitrososphaeraceae,,
Zotu141,d__Bacteria, p__Verrucomicrobiota, c__Verrucomicrobiae, o__Opitutales, f__Opitutaceae,,,
Zotu99,d__Bacteria, p__Gemmatimonadota, c__Gemmatimonadetes, o__Gemmatimonadales, f__Gemmatimonadaceae, g__Roseisolibacter, s__uncultured_bacterium,
Zotu126,d__Bacteria, p__Acidobacteriota, c__Blastocatellia, o__11-24, f__11-24, g__11-24, s__uncultured_Acidobacteria,
Zotu194,d__Bacteria, p__Proteobacteria, c__Alphaproteobacteria, o__Caulobacterales, f__Caulobacteraceae, g__uncultured, s__uncultured_bacterium,
Zotu189,d__Bacteria, p__Planctomycetota, c__Planctomycetes, o__Pirellulales, f__Pirellulaceae, g__Pir4_lineage, s__uncultured_Planctomycetaceae,
Zotu134,d__Bacteria, p__Actinobacteriota, c__Actinobacteria, o__Corynebacteriales, f__Mycobacteriaceae, g__Mycobacterium,,
Zotu136,d__Bacteria, p__Gemmatimonadota, c__Gemmatimonadetes, o__Gemmatimonadales, f__Gemmatimonadaceae, g__Gemmatimonas, s__metagenome,
Zotu193,d__Bacteria, p__Latescibacterota, c__Latescibacterota, o__Latescibacterota, f__Latescibacterota, g__Latescibacterota, s__uncultured_Desulfuromonadales,
Zotu73,d__Bacteria, p__Cyanobacteria, c__Vampirivibrionia, o__Obscuribacterales, f__Obscuribacteraceae, g__Obscuribacteraceae, s__uncultured_bacterium,
Zotu150,d__Bacteria, p__Verrucomicrobiota, c__Verrucomicrobiae, o__Chthoniobacterales, f__Chthoniobacteraceae, g__Candidatus_Udaeobacter,,
Zotu116,d__Bacteria, p__Myxococcota, c__Polyangia, o__Haliangiales, f__Haliangiaceae, g__Haliangium,,
Zotu195,d__Bacteria, p__Myxococcota, c__Polyangia, o__Haliangiales, f__Haliangiaceae, g__Haliangium,,
Zotu123,d__Bacteria, p__Verrucomicrobiota, c__Verrucomicrobiae, o__Pedosphaerales, f__Pedosphaeraceae, g__Ellin516,,
Zotu71,d__Bacteria, p__Verrucomicrobiota, c__Chlamydiae, o__Chlamydiales, f__Parachlamydiaceae, g__Candidatus_Protochlamydia, s__Candidatus_Protochlamydia,
Zotu198,d__Bacteria, p__Actinobacteriota, c__Thermoleophilia, o__Solirubrobacterales, f__67-14, g__67-14,,
Zotu310,d__Archaea, p__Crenarchaeota, c__Nitrososphaeria, o__Nitrososphaerales, f__Nitrososphaeraceae,,,
Zotu487,d__Bacteria, p__Proteobacteria, c__Alphaproteobacteria, o__Caulobacterales, f__Caulobacteraceae, g__uncultured, s__uncultured_Caulobacteraceae,
Zotu166,d__Bacteria, p__Myxococcota, c__Polyangia, o__Polyangiales, f__Phaselicystidaceae, g__Phaselicystis, s__uncultured_bacterium,
Zotu201,d__Bacteria, p__Proteobacteria, c__Alphaproteobacteria, o__Rhizobiales, f__A0839, g__A0839, s__metagenome,
Zotu151,d__Bacteria, p__Proteobacteria, c__Alphaproteobacteria, o__Sphingomonadales, f__Sphingomonadaceae, g__Sphingosinicella, s__uncultured_bacterium,
Zotu137,d__Bacteria, p__Bacteroidota, c__Bacteroidia, o__Flavobacteriales, f__NS9_marine_group, g__NS9_marine_group, s__metagenome,
Zotu146,d__Bacteria, p__Chloroflexi, c__Ktedonobacteria, o__Ktedonobacterales, f__Ktedonobacteraceae, g__uncultured, s__uncultured_Ktedonobacterales,
Zotu100,d__Bacteria, p__Actinobacteriota, c__Actinobacteria, o__Frankiales, f__Geodermatophilaceae, g__Blastococcus,,
Zotu82,d__Bacteria, p__Planctomycetota, c__Planctomycetes, o__Gemmatales, f__Gemmataceae, g__uncultured,,
Zotu319,d__Bacteria, p__Actinobacteriota, c__Thermoleophilia, o__Gaiellales, f__uncultured, g__uncultured,,
Zotu127,d__Bacteria, p__Chloroflexi, c__Ktedonobacteria, o__Ktedonobacterales, f__Ktedonobacteraceae, g__HSB_OF53-F07,,
Zotu50,d__Bacteria, p__Proteobacteria, c__Alphaproteobacteria, o__Rhizobiales, f__Xanthobacteraceae,,,
Zotu46,d__Bacteria, p__Hydrogenedentes, c__Hydrogenedentia, o__Hydrogenedentiales, f__Hydrogenedensaceae, g__Hydrogenedensaceae, s__uncultured_bacterium,
Zotu129,d__Bacteria, p__Myxococcota, c__Polyangia, o__Polyangiales, f__Polyangiaceae, g__Pajaroellobacter,,
Zotu53,d__Bacteria, p__Acidobacteriota, c__Vicinamibacteria, o__Vicinamibacterales,,,,
Zotu108,d__Bacteria, p__Actinobacteriota, c__Actinobacteria, o__Micromonosporales, f__Micromonosporaceae, g__uncultured, s__uncultured_bacterium,
Zotu225,d__Bacteria, p__Actinobacteriota, c__Actinobacteria, o__Pseudonocardiales, f__Pseudonocardiaceae,,,
Zotu163,d__Bacteria, p__Actinobacteriota, c__Actinobacteria, o__Streptosporangiales, f__Thermomonosporaceae, g__Actinocorallia, s__uncultured_bacterium,
Zotu133,d__Bacteria, p__Myxococcota, c__Polyangia, o__Polyangiales, f__Phaselicystidaceae, g__Phaselicystis, s__uncultured_Byssovorax,
Zotu66,d__Bacteria, p__Firmicutes, c__Negativicutes, o__Veillonellales-Selenomonadales, f__uncultured, g__uncultured, s__uncultured_Firmicutes,
Zotu216,d__Bacteria, p__Proteobacteria, c__Alphaproteobacteria, o__Elsterales, f__URHD0088, g__URHD0088,,
Zotu69,d__Bacteria, p__Planctomycetota, c__Planctomycetes, o__Gemmatales, f__Gemmataceae, g__uncultured,,
Zotu96,d__Bacteria, p__Acidobacteriota, c__Vicinamibacteria, o__Vicinamibacterales, f__Vicinamibacteraceae, g__Vicinamibacteraceae,,
Zotu37,d__Bacteria, p__Dependentiae, c__Babeliae, o__Babeliales, f__Vermiphilaceae, g__Vermiphilaceae,,
Zotu78,d__Bacteria, p__Planctomycetota, c__Planctomycetes, o__Isosphaerales, f__Isosphaeraceae, g__uncultured,,
Zotu84,d__Bacteria, p__Bdellovibrionota, c__Bdellovibrionia, o__Bdellovibrionales, f__Bdellovibrionaceae, g__OM27_clade, s__uncultured_soil,
Zotu60,d__Bacteria, p__Actinobacteriota, c__Actinobacteria, o__Micrococcales, f__Micrococcaceae,,,
Zotu186,d__Bacteria, p__Myxococcota, c__bacteriap25, o__bacteriap25, f__bacteriap25, g__bacteriap25, s__metagenome,
Zotu20,d__Bacteria, p__Firmicutes, c__Bacilli, o__Bacillales, f__Bacillaceae, g__Bacillus,,
Zotu64,d__Bacteria, p__Planctomycetota, c__Planctomycetes, o__Gemmatales, f__Gemmataceae, g__uncultured, s__uncultured_bacterium,
Zotu68,d__Bacteria, p__Chloroflexi, c__Chloroflexia, o__Kallotenuales, f__AKIW781, g__AKIW781, s__uncultured_bacterium,
Zotu437,d__Bacteria, p__Acidobacteriota, c__Acidobacteriae, o__Bryobacterales, f__Bryobacteraceae, g__Bryobacter,,
Zotu145,d__Bacteria, p__Acidobacteriota, c__Blastocatellia, o__11-24, f__11-24, g__11-24,,
Zotu213,d__Bacteria, p__Myxococcota, c__Polyangia, o__Haliangiales, f__Haliangiaceae, g__Haliangium,,
Zotu67,d__Bacteria, p__Planctomycetota, c__Planctomycetes, o__Gemmatales, f__Gemmataceae, g__uncultured, s__uncultured_bacterium,
Zotu221,d__Bacteria, p__Proteobacteria, c__Alphaproteobacteria, o__Acetobacterales, f__Acetobacteraceae, g__uncultured,,
Zotu83,d__Bacteria, p__RCP2-54, c__RCP2-54, o__RCP2-54, f__RCP2-54, g__RCP2-54, s__uncultured_bacterium,
Zotu45,d__Bacteria, p__Patescibacteria, c__Parcubacteria, o__Parcubacteria, f__Parcubacteria, g__Parcubacteria, s__uncultured_bacterium,
Zotu41,d__Bacteria, p__Actinobacteriota, c__Acidimicrobiia, o__IMCC26256, f__IMCC26256, g__IMCC26256,,
Zotu149,d__Bacteria, p__Bacteroidota, c__Bacteroidia, o__Chitinophagales, f__Chitinophagaceae, g__Ferruginibacter,,
Zotu62,d__Bacteria, p__Bacteroidota, c__Bacteroidia, o__Chitinophagales, f__Chitinophagaceae, g__Ferruginibacter,,
Zotu378,d__Bacteria, p__Acidobacteriota, c__Vicinamibacteria, o__Vicinamibacterales, f__uncultured, g__uncultured,,
Zotu89,d__Bacteria, p__Firmicutes, c__Clostridia, o__Oscillospirales, f__Oscillospiraceae, g__Sporobacter, s__uncultured_bacterium,
Zotu92,d__Bacteria, p__Proteobacteria, c__Gammaproteobacteria, o__Burkholderiales, f__A21b, g__A21b, s__uncultured_bacterium,
Zotu51,d__Bacteria, p__Chloroflexi, c__Anaerolineae, o__SBR1031, f__A4b, g__A4b, s__uncultured_organism,
Zotu70,d__Bacteria, p__Verrucomicrobiota, c__Verrucomicrobiae, o__Chthoniobacterales, f__Chthoniobacteraceae, g__Candidatus_Udaeobacter,,
Zotu76,d__Bacteria, p__Cyanobacteria, c__Sericytochromatia, o__Sericytochromatia, f__Sericytochromatia, g__Sericytochromatia, s__metagenome,M
Zotu22,d__Bacteria, p__Actinobacteriota, c__Thermoleophilia, o__Solirubrobacterales, f__67-14, g__67-14, s__uncultured_bacterium,
Zotu80,d__Bacteria, p__Firmicutes, c__Bacilli, o__Bacillales,,,,
Zotu307,d__Bacteria, p__Acidobacteriota, c__Vicinamibacteria, o__Vicinamibacterales, f__uncultured, g__uncultured,,
Zotu47,d__Bacteria, p__Verrucomicrobiota, c__Verrucomicrobiae, o__Chthoniobacterales, f__Chthoniobacteraceae, g__Chthoniobacter, s__uncultured_bacterium,
Zotu54,d__Bacteria, p__Acidobacteriota, c__Vicinamibacteria, o__Vicinamibacterales, f__uncultured, g__uncultured, s__uncultured_bacterium,
Zotu87,d__Bacteria, p__Gemmatimonadota, c__Gemmatimonadetes, o__Gemmatimonadales, f__Gemmatimonadaceae,,,
Zotu104,d__Bacteria, p__Myxococcota, c__Polyangia, o__Haliangiales, f__Haliangiaceae, g__Haliangium, s__uncultured_bacterium,
Zotu120,d__Archaea, p__Crenarchaeota, c__Nitrososphaeria, o__Nitrososphaerales, f__Nitrososphaeraceae, g__Nitrososphaeraceae,,
Zotu38,d__Bacteria, p__Proteobacteria, c__Gammaproteobacteria, o__Burkholderiales, f__Rhodocyclaceae,,,
Zotu228,d__Bacteria, p__Proteobacteria, c__Gammaproteobacteria, o__Burkholderiales, f__SC-I-84, g__SC-I-84,,
Zotu55,d__Bacteria, p__Cyanobacteria, c__Cyanobacteriia, o__Chloroplast, f__Chloroplast, g__Chloroplast,,
Zotu95,d__Bacteria, p__Proteobacteria, c__Gammaproteobacteria, o__Burkholderiales, f__TRA3-20, g__TRA3-20,,
Zotu97,d__Bacteria, p__FCPU426, c__FCPU426, o__FCPU426, f__FCPU426, g__FCPU426, s__uncultured_bacterium,
Zotu57,d__Bacteria, p__Planctomycetota, c__Planctomycetes, o__Gemmatales, f__Gemmataceae, g__uncultured,,
Zotu180,d__Bacteria, p__Verrucomicrobiota, c__Verrucomicrobiae, o__Chthoniobacterales, f__Chthoniobacteraceae, g__Candidatus_Udaeobacter,,
Zotu79,d__Bacteria, p__Planctomycetota, c__Planctomycetes, o__Gemmatales, f__Gemmataceae, g__uncultured, s__planctomycete_WY69,
Zotu56,d__Bacteria, p__Planctomycetota, c__Planctomycetes, o__Gemmatales, f__Gemmataceae, g__uncultured,,
Zotu36,d__Bacteria, p__Chloroflexi, c__Ktedonobacteria, o__C0119, f__C0119, g__C0119, s__uncultured_bacterium,
Zotu88,d__Bacteria, p__Bacteroidota, c__Bacteroidia, o__Chitinophagales, f__Saprospiraceae, g__uncultured, s__uncultured_bacterium,
Zotu90,d__Bacteria, p__Verrucomicrobiota, c__Verrucomicrobiae, o__Chthoniobacterales, f__Chthoniobacteraceae, g__Candidatus_Udaeobacter, s__uncultured_Prosthecobacter,
Zotu74,d__Bacteria, p__Chloroflexi, c__Chloroflexia, o__Chloroflexales, f__Herpetosiphonaceae, g__Herpetosiphon, s__uncultured_bacterium,
Zotu52,d__Bacteria, p__Chloroflexi, c__TK10, o__TK10, f__TK10, g__TK10, s__uncultured_bacterium,M
Zotu30,d__Bacteria, p__Proteobacteria, c__Alphaproteobacteria, o__Rhizobiales, f__Xanthobacteraceae, g__Bradyrhizobium,,
Zotu86,d__Bacteria, p__Armatimonadota, c__uncultured, o__uncultured, f__uncultured, g__uncultured, s__uncultured_bacterium,
Zotu43,d__Bacteria, p__Chloroflexi, c__Anaerolineae, o__SBR1031, f__A4b, g__A4b, s__uncultured_bacterium,
Zotu40,d__Bacteria, p__Verrucomicrobiota, c__Verrucomicrobiae, o__Chthoniobacterales, f__Chthoniobacteraceae, g__Candidatus_Udaeobacter,,M
Zotu32,d__Bacteria, p__Actinobacteriota, c__Actinobacteria, o__Micromonosporales, f__Micromonosporaceae, g__Longispora, s__uncultured_bacterium,
Zotu28,d__Bacteria, p__Planctomycetota, c__Planctomycetes, o__Planctomycetales, f__uncultured, g__uncultured, s__uncultured_Planctomycetales,
Zotu24,d__Bacteria, p__NB1-j, c__NB1-j, o__NB1-j, f__NB1-j, g__NB1-j,,
Zotu19,d__Bacteria, p__Proteobacteria, c__Alphaproteobacteria, o__Rhizobiales, f__Devosiaceae, g__Devosia,,
Zotu44,d__Bacteria, p__Gemmatimonadota, c__Gemmatimonadetes, o__Gemmatimonadales, f__Gemmatimonadaceae, g__uncultured, s__uncultured_Gemmatimonadales,M
Zotu34,d__Bacteria, p__Chloroflexi, c__Dehalococcoidia, o__S085, f__S085, g__S085, s__metagenome,
Zotu21,d__Bacteria, p__Gemmatimonadota, c__Gemmatimonadetes, o__Gemmatimonadales, f__Gemmatimonadaceae, g__uncultured, s__uncultured_Alphaproteobacteria,
Zotu75,d__Bacteria, p__Hydrogenedentes, c__Hydrogenedentia, o__Hydrogenedentiales, f__Hydrogenedensaceae, g__Hydrogenedensaceae, s__uncultured_bacterium,
Zotu63,d__Bacteria, p__Desulfobacterota, c__Desulfuromonadia, o__Geobacterales, f__Geobacteraceae, g__uncultured, s__uncultured_soil,
Zotu8,d__Bacteria, p__Planctomycetota, c__Planctomycetes, o__Gemmatales, f__Gemmataceae, g__uncultured,,
Zotu11,d__Bacteria, p__Proteobacteria, c__Gammaproteobacteria, o__Burkholderiales, f__Nitrosomonadaceae, g__Ellin6067,,
Zotu109,d__Bacteria, p__Planctomycetota, c__Phycisphaerae, o__Tepidisphaerales, f__WD2101_soil_group, g__WD2101_soil_group, s__uncultured_bacterium,
Zotu42,d__Bacteria, p__Actinobacteriota, c__Acidimicrobiia, o__Microtrichales, f__Ilumatobacteraceae, g__uncultured, s__uncultured_bacterium,
Zotu27,d__Bacteria, p__Chloroflexi, c__JG30-KF-CM66, o__JG30-KF-CM66, f__JG30-KF-CM66, g__JG30-KF-CM66, s__uncultured_bacterium,
Zotu18,d__Bacteria, p__Proteobacteria, c__Alphaproteobacteria, o__Rhizobiales, f__Amb-16S-1323, g__Amb-16S-1323, s__uncultured_bacterium,
Zotu39,d__Bacteria, p__Planctomycetota, c__Planctomycetes, o__Gemmatales, f__Gemmataceae, g__uncultured, s__uncultured_bacterium,
Zotu29,d__Bacteria, p__Acidobacteriota, c__Holophagae, o__Subgroup_7, f__Subgroup_7, g__Subgroup_7,,
Zotu15,d__Bacteria, p__Planctomycetota, c__Planctomycetes, o__Gemmatales, f__Gemmataceae, g__uncultured, s__uncultured_Planctomycetia,
Zotu35,d__Bacteria, p__Planctomycetota, c__Pla4_lineage, o__Pla4_lineage, f__Pla4_lineage, g__Pla4_lineage, s__uncultured_Planctomycetaceae,
Zotu31,d__Bacteria, p__Proteobacteria, c__Gammaproteobacteria, o__Burkholderiales, f__SC-I-84, g__SC-I-84, s__uncultured_beta,M
Zotu17,d__Bacteria, p__Armatimonadota, c__Chthonomonadetes, o__Chthonomonadales, f__Chthonomonadaceae, g__Chthonomonas, s__uncultured_bacterium,
Zotu9,d__Bacteria, p__Firmicutes, c__Bacilli, o__Paenibacillales, f__Paenibacillaceae, g__Paenibacillus, s__Paenibacillus_harenae,
Zotu12,d__Archaea, p__Halobacterota, c__Halobacteria, o__Halobacterales, f__Haloferacaceae, g__Natronococcus,,
Zotu16,d__Bacteria, p__Bacteroidota, c__Bacteroidia, o__Sphingobacteriales, f__AKYH767, g__AKYH767, s__uncultured_bacterium,
Zotu23,d__Bacteria, p__Armatimonadota, c__uncultured, o__uncultured, f__uncultured, g__uncultured, s__uncultured_bacterium,
Zotu14,d__Archaea, p__Crenarchaeota, c__Nitrososphaeria, o__Group_1.1c, f__Group_1.1c, g__Group_1.1c, s__uncultured_crenarchaeote,
Zotu5,d__Bacteria, p__Latescibacterota, c__Latescibacterota, o__Latescibacterota, f__Latescibacterota, g__Latescibacterota, s__uncultured_Acidobacterium,
Zotu7,d__Bacteria, p__Acidobacteriota, c__Thermoanaerobaculia, o__Thermoanaerobaculales, f__Thermoanaerobaculaceae, g__Subgroup_10, s__bacterium_YC-LK-LKJ13,
Zotu3,d__Bacteria, p__Myxococcota, c__Polyangia, o__Polyangiales, f__BIrii41, g__BIrii41,,
Zotu1,Kingdom,Phylum,Class,Order,Family,Genus,Species,
Zotu2,d__Bacteria, p__Myxococcota, c__Myxococcia, o__Myxococcales, f__Myxococcaceae, g__P3OB-42, s__uncultured_delta,
